"","B cells","Dendritic cells","Endothelial cells","Macrophage-like GAMs","Microglia-like GAMs","Mural cells","NKT-like cells","Oligodendrocytes","T cells","Tumor cells"
"VWA1",0.01717902,0.01683817,3.41268293,0.02904824,0.02461014,0.32411948,0.01018112,2.36363636,0.01973407,0.5253073
"SLC2A5",0.13110307,0.16463985,0.04878049,0.70709688,1.57970882,0.06197058,0.0264709,0.04397962,0.02342761,0.03626832
"EFHD2",0.2703436,1.6913003,0.52,1.4522128,0.971674,0.3245653,0.7647626,0.1681416,0.6763402,0.2819792
"MICOS10",0.2477396,0.7418148,1.0068293,1.2303355,1.352126,2.1818992,0.3069339,0.4977206,0.3294639,1.098682
"CAMK2N1",0.05877034,0.01590271,0.19804878,0.10719371,0.04072247,1.33259028,0.09087986,10.25958702,0.12674124,2.08734306
"ECE1",0.098553345,0.110383536,1.924878049,0.066554651,0.009807505,0.697280428,0.092594577,0.169482435,0.115027438,0.23918688
"HSPG2",0.01717902,0.02899906,6.81365854,0.02420687,0.01154362,0.30717789,0.01135998,0.02440333,0.01308569,0.05086111
"C1QA",1.0533454,8.1955098,0.9121951,14.409153,20.3758224,0.7342844,1.0831636,0.7841244,0.6957577,0.3885164
"C1QC",0.6066908,4.5565949,0.5882927,9.5015094,14.6071211,0.4436023,0.7035687,0.4765353,0.4310891,0.2299185
"C1QB",1.3797468,9.453695,1.2292683,19.2937005,30.1449805,0.9705751,1.2773551,0.9584339,0.8588012,0.4869191
"ID3",0.2296564,0.2029935,2.9512195,0.2181466,0.1168372,2.849309,0.1216376,0.2590507,0.189637,1.8328568
"RUNX3",0.39059675,0.69223573,0.07219512,0.22088056,0.12911184,0.02229157,2.28292787,0.02011263,1.14478683,0.01534871
"RSRP1",1.238698,1.4359214,1.3785366,1.0397847,1.0154118,0.8109675,2.4034937,1.3126844,1.9602153,0.8796588
"STMN1",0.4620253,0.655753,1.084878,0.6841431,0.5138584,1.1440036,1.2397385,7.9533387,0.5700718,3.3382469
"SH3BGRL3",3.143761,7.276894,3.57561,9.355955,5.689206,3.601427,10.641196,2.39528,9.613972,2.470436
"CD52",3.90235081,1.53882133,0.12780488,0.76724383,0.22280093,0.07534552,6.46736684,0.05470636,6.60373575,0.0514527
"LAPTM5",2.5253165,4.9139383,1.0439024,8.4358945,7.6686464,0.5216228,2.6776337,0.4953071,2.8479316,0.3041478
"MARCKSL1",0.6283906,0.7745557,2.8429268,0.3961668,0.1334369,1.6513598,0.6611296,6.845535,0.5506543,5.6188457
"C1orf122",0.278481,0.3741815,0.8360976,0.5312126,0.4342105,1.8488631,0.3957775,2.533387,0.3718869,1.9366989
"PPT1",0.20434,2.2404116,0.5414634,1.6457823,1.7558175,0.3865359,0.3298682,0.4982569,0.3319966,0.5014954
"SMAP2",1.915009,2.3620206,0.6614634,1.5326081,2.0687439,0.2741864,1.6142964,0.4698311,2.0007387,0.3065635
"NFIA",0.1084991,0.1768007,1.7482927,0.3878795,0.4156311,1.521177,0.1481085,1.8972915,0.1953356,2.5386347
"JAK1",0.8698011,1.1459308,2.6165854,0.9329327,0.7386087,1.2157824,1.6829922,0.6446769,1.8102575,0.4892526
"DNAJC6",0.002712477,0.003741815,0.022439024,0.006521615,0.002802144,0.018279091,0.005144143,1.957093054,0.005698607,0.093176888
"ADGRL4",0.0072332731,0.0009354537,6.0195121951,0.0050976818,0.0025280214,0.0592955863,0.0030007502,0.0026816841,0.0036935416,0.0065897588
"TTLL7",0.01265823,0.02057998,0.02829268,0.01868201,0.0105385,0.19482835,0.01339621,4.0568517,0.02617138,0.50445343
"LMO4",0.5786618,0.6361085,0.6653659,0.5439711,0.5229045,1.2657156,0.6627371,2.1568785,0.711165,2.6858115
"ARHGAP29",0.005424955,0,3.284878049,0.012616051,0.004203216,1.721355328,0.006323009,0.04719764,0.008231321,0.118336291
"CNN3",0.09312839,0.04209542,1.41560976,0.10075753,0.04580897,2.81230495,0.06430179,0.64038616,0.08495146,2.67951752
"PALMD",0.002712477,0.002806361,2.138536585,0.003616791,0.002162524,0.162282657,0.00300075,0.007776884,0.006120726,0.04160915
"SORT1",0.03707052,0.27221703,1.84585366,0.31238253,0.44572368,0.3909942,0.02968599,3.60042907,0.02184466,0.5319135
"CD53",1.07685353,2.14967259,0.23512195,2.12066412,2.32309942,0.13687026,1.88640017,0.10619469,1.96855213,0.06119766
"C1orf162",0.23598553,3.60991581,0.11707317,2.32508401,1.83385112,0.0637539,0.18476048,0.0721373,0.28978472,0.04782094
"TMIGD3",0.05696203,0.41627689,0.08682927,1.43142336,3.05677388,0.06821222,0.05915765,0.10834004,0.04527227,0.04851114
"RHOC",0.1437613,0.7754911,2.3131707,0.5557328,0.5115436,1.8823005,0.5061623,0.3405739,0.5391515,1.4929665
"OLFML3",0.01808318,0.41347053,0.13073171,0.6773082,1.47408017,1.48417298,0.02314864,0.07186913,0.01741241,0.03822389
"CD2",0.39692586,0.2787652,0.08585366,0.08033833,0.05780945,0.03209987,4.91694352,0.05443819,4.71886872,0.02981003
"TXNIP",7.4593128,8.3264733,1.7297561,5.0387879,3.3688475,1.5376728,8.5378845,0.8106731,12.4287674,1.2191382
"FCGR1A",0.07323689,0.898971,0.04390244,1.60269408,2.92687013,0.04725814,0.05122709,0.0662376,0.04031237,0.02928416
"PLEKHO1",0.41681736,1.61459308,0.45463415,0.84120294,1.09984162,0.26928221,0.44261065,0.09278627,0.41536513,0.40284625
"CTSS",1.2079566,3.4911132,0.5931707,4.9716922,3.7007493,0.2938029,0.8842568,0.186377,0.7509498,0.124203
"S100A11",1.644665,10.692236,3.378537,14.900894,13.346735,8.078021,3.200514,1.003218,4.024694,2.155508
"S100A9",0.880651,1.8419083,1.0536585,14.1485732,3.554124,0.2322782,0.4652234,0.1917404,0.5446391,0.1468317
"S100A4",1.6916817,8.494855,0.7170732,10.1912627,5.5399915,1.039679,5.7916622,0.4802896,12.6729633,0.362749
"S100A16",0.01627486,0.02525725,1.66243902,0.10502933,0.03353436,1.56620597,0.05187011,0.86806114,0.07186577,2.44315717
"S100A13",0.06600362,0.09541628,1.73073171,0.19075013,0.32514011,2.16183683,0.06698103,1.56985787,0.06416209,1.26217709
"S100A1",0.01537071,0.02151543,0.02926829,0.07452868,0.18990619,0.16897013,0.0180045,4.23062483,0.01888983,0.37298692
"RAB13",0.08679928,0.34237605,1.95902439,0.80443698,0.59292763,2.02674989,0.07866252,0.25583266,0.10078092,1.08734306
"TPM3",1.474684,3.913938,4.672195,3.38076,2.99333,1.488631,2.902797,1.451059,2.966336,1.144038
"KRTCAP2",1.0361664,0.9906455,1.5980488,1.0719656,1.0697795,2.0490415,1.3580538,1.0380799,1.2733221,1.4969598
"SYT11",0.08137432,0.15247895,0.63804878,0.1670274,0.160971,0.49398128,0.21262458,5.03942076,0.1978683,1.96037928
"LMNA",0.2332731,0.626754,1.84,0.9522413,0.51529,2.0994204,0.1965491,2.3545186,0.4174757,1.1521889
"C1orf61",0.3019892,0.1543499,0.7931707,0.292362,0.2097649,2.8212216,0.6034723,1.9525342,0.5315534,10.4652107
"HAPLN2",0.0009041591,0.0037418148,0.0165853659,0.0049268098,0.0024366472,0.0129291128,0.0024649019,2.8803968892,0.0018995357,0.0543285348
"BCAN",0.16274864,0.08138447,0.4897561,0.11374381,0.08007432,1.1288453,0.25913621,1.27862698,0.24187421,7.25032867
"NES",0.079566,0.03461179,1.52097561,0.09284046,0.04736233,1.41283995,0.07437574,0.5186377,0.09708738,3.21585157
"MNDA",0.14466546,2.12815716,0.05756098,1.59554594,1.50673124,0.08024967,0.0526203,0.05068383,0.04696074,0.02300664
"TAGLN2",0.8661844,1.9569691,3.062439,1.3988438,0.6038316,2.0980829,0.9845676,1.4035935,1.2139088,1.1894597
"CD84",0.23417722,1.0121609,0.07902439,1.54932506,2.07928241,0.05617477,0.66145108,0.06248324,0.51287463,0.02741077
"CD48",0.93399638,1.27128157,0.05073171,0.44483682,0.2082115,0.01917075,1.87557604,0.02064897,1.95377797,0.02376257
"FCER1G",0.6808318,4.7165575,0.644878,8.4631486,9.1015168,0.489523,1.0731969,0.4416734,0.4756226,0.2349307
"FCGR2A",0.13924051,1.82881197,0.19804878,2.69314234,2.81615497,0.17387428,0.09623835,0.1027085,0.07165471,0.10106488
"FCGR3A",0.2450271,2.05145,0.3336585,3.8594578,5.4987817,0.2340615,0.533812,0.1995173,0.1746518,0.1051239
"ATP1B1",0.06057866,0.27502339,0.15804878,0.24673919,0.34606481,0.20998663,0.0970957,5.32072942,0.18974251,0.60453231
"PRRX1",0.018083183,0.002806361,0.144390244,0.01734351,0.007401316,1.666963888,0.01221734,0.102976669,0.011608274,0.587622428
"PRDX6",0.5542495,1.0261927,1.2107317,0.9651706,0.8230385,2.2367365,1.0437252,0.7733977,0.8493035,1.5719615
"GAS5",0.7739602,1.1721235,0.6439024,1.1633821,1.368086,2.1511369,0.6092595,0.6492357,0.9120937,1.2260895
"IER5",0.9891501,2.5378859,0.5034146,1.9372615,1.95745,0.2835488,0.9315186,0.2180209,0.8968974,0.3666437
"GLUL",0.7857143,2.2160898,0.977561,6.7252948,4.9582724,2.1292911,1.2164827,11.0836685,1.0643732,1.8463321
"RGS1",3.1338156,11.6651076,0.9570732,9.0224697,13.0423063,0.6312974,5.944379,0.6460177,7.3939426,0.3361599
"RGS2",1.2549729,3.637044,0.3239024,2.8570371,2.205318,0.4721355,1.1656843,0.1962993,1.1951245,0.2553737
"PTPRC",1.8444846,4.0289991,0.4868293,2.7773253,2.9599781,0.2657156,7.8780409,0.2558327,6.3309413,0.1365444
"BTG2",3.3128391,2.5238541,1.5326829,2.4082132,4.7702546,0.9121712,2.3335119,1.1442746,2.6981849,0.7554723
"CNTN2",0.006329114,0.005612722,0.003902439,0.008913824,0.00749269,0.017387428,0.008895081,3.680343256,0.006648375,0.041116151
"CDK18",0.01084991,0.023386342,0.007804878,0.046477189,0.047270955,0.03923317,0.008466402,2.53794583,0.005170958,0.070400316
"NID1",0.003616637,0.002806361,1.525853659,0.008429686,0.005086501,2.478377173,0.005144143,0.045856798,0.007176024,0.132912641
"ID2",0.6030741,3.6856876,1.0019512,2.9470582,4.3454557,0.7877842,3.2100525,0.5682489,2.6877374,1.9002498
"LAPTM4A",0.5045208,1.1309635,2.6985366,1.5442274,1.6713572,2.8970129,0.7383989,0.7168142,0.6471085,1.6879314
"CRIM1",0.01446655,0.02151543,2.22536585,0.02164379,0.01614279,0.27641551,0.05915765,0.06060606,0.03989025,0.13159798
"SRSF7",2.420434,2.697848,1.309268,1.563878,1.821455,1.127508,6.430822,1.510593,5.146897,1.798971
"SLC8A1",0.04882459,1.36669785,0.06243902,0.94839665,1.04623538,0.10387873,0.03483014,0.04853848,0.03039257,0.27093604
"ZFP36L2",4.271248,4.086062,2.018537,3.326679,4.230172,1.427107,10.92391,1.447573,11.48016,2.156544
"EPAS1",0.03164557,0.02525725,7.45853659,0.16563194,0.06472344,1.15827017,0.04426107,0.0466613,0.06753905,0.2790541
"SPTBN1",0.2079566,0.05612722,5.57463415,0.10332061,0.07766813,1.51226037,0.2478834,2.37007241,0.25052765,1.2496549
"REL",1.0931284,2.7932647,0.2721951,1.4482543,1.6754995,0.1074454,1.227414,0.1987128,1.0737653,0.1343916
"PLEK",0.38517179,2.27689429,0.08292683,1.83861138,1.93722588,0.06107891,0.59586325,0.04263878,0.12188687,0.03424703
"AAK1",0.2269439,0.5285313,0.7960976,0.86447,0.9890046,0.708872,1.6324081,0.9560204,1.6923808,0.7270591
"CAPG",0.6103074,2.5809167,0.3278049,3.412485,3.2885295,0.3642443,0.6869575,0.1933494,0.8207049,0.2260238
"VAMP8",0.6952984,3.0617399,0.4741463,3.1910919,3.1833882,0.3718235,1.36009,0.1877179,1.4243352,0.117679
"VAMP5",0.2025316,0.546305,1.8692683,0.5956883,0.4807809,1.8506465,0.4968385,0.6218825,0.5890671,0.529202
"CYTOR",1.0650995,0.5622077,1.675122,0.5624537,0.2770163,3.2269282,1.8202765,0.1137034,1.7357535,0.7385788
"IGKC",1191.161,6.481759,2.318049,0.592755,0.3439632,0.07579135,1.648162,0.1174578,1.854686,0.1356734
"MAL",0.021699819,0.013096352,0.007804878,0.006834881,0.004538255,0.009808292,0.030757689,2.260927863,0.35521317,0.030927496
"DUSP2",1.30560579,1.71468662,0.18341463,0.86110953,1.05604288,0.10566206,4.57807309,0.07481899,2.26224145,0.04162558
"RNF149",0.3119349,0.99625819,0.1795122,1.45639916,1.19237329,0.18234507,0.48676455,0.26843658,0.60130857,0.09973378
"LIMS1",0.4294756,2.0645463,2.1473171,3.3934898,3.2012061,1.3303611,0.9577752,0.571735,1.2346982,0.676576
"BIN1",0.29385172,0.63517306,0.17658537,1.0050692,2.70979532,0.21444494,0.76894224,2.64950389,0.59033347,0.20382239
"CXCR4",5.1916817,5.0888681,0.8565854,2.8725864,2.474933,0.3152029,11.4333941,0.25476,10.2521106,0.1922205
"FMNL2",0.05153707,0.28157156,0.17658537,0.55410947,0.6585039,0.21043246,0.03579466,3.50603379,0.03682989,0.51827384
"ERMN",0.019891501,0.008419083,0.014634146,0.02375121,0.01818348,0.016049933,0.021219591,7.834003754,0.018467708,0.031897062
"CYTIP",0.960217,0.90364827,0.05658537,0.48274193,0.27351365,0.02764155,1.80152181,0.03110754,2.17866188,0.0276737
"NOSTRIN",0,0.0046772685,1.8682926829,0.0023067722,0.0018884016,0.174320107,0.0005358482,0.001340842,0.0021105952,0.0052586604
"ITGA6",0.23598553,0.09260992,2.86829268,0.23287008,0.31521077,0.06330807,0.10609795,0.11316707,0.17190798,0.25754289
"CALCRL",0.023508137,0.12160898,3.743414634,0.026200376,0.007249025,0.239857334,0.006966027,0.03378922,0.010025327,0.238118714
"COL3A1",0.005424955,0.012160898,0.52097561,0.029219115,0.025706628,30.191707535,0.014682242,0.14668812,0.010552976,0.097958982
"COL5A2",0.004520796,0.006548176,0.67804878,0.01156234,0.008711014,3.541239412,0.005144143,0.037811746,0.008231321,0.226582528
"MYO1B",0.019891501,0.01777362,3.245853659,0.010394714,0.007431774,1.104770397,0.011252813,0.012067578,0.036618827,0.024255571
"SLC39A10",0.1943942,0.4087933,3.9404878,0.2784929,0.3537403,0.2403032,0.288072,0.1397157,0.2895737,0.4846349
"STK17B",0.85985533,1.69036483,0.10536585,0.75365951,0.52649854,0.16674097,1.83002894,0.07106463,2.36661038,0.13319201
"SPATS2L",0.06238698,0.40785781,0.47902439,0.52013442,0.65539717,1.98573339,0.13021112,0.99544114,0.2716336,0.95502202
"BMPR2",0.1048825,0.272217,2.5892683,0.3206413,0.3783199,0.39679,0.1044904,0.2365245,0.1192486,0.4723099
"MAP2",0.06781193,0.01870907,0.25463415,0.04869852,0.03402169,0.39812751,0.04426107,0.385358,0.08853947,2.74244068
"FN1",0.2739602,1.849392,4.4263415,6.9339295,2.9417337,24.2924654,0.3022184,0.4132475,0.2414521,1.0078058
"IGFBP2",0.2802893,0.2076707,1.2721951,0.5081164,0.190424,9.5960767,1.0901297,1.4875302,0.6855213,14.2956682
"IGFBP5",0.07052441,0.10196445,0.95609756,0.22500997,0.06292641,16.42264824,0.12367378,0.78492894,0.22403968,7.37260895
"SLC11A1",0.24683544,0.96258185,0.29853659,3.0715669,3.28100634,0.19438252,0.14392884,0.19093591,0.11893204,0.08954513
"ITM2C",1.27757685,0.19270346,0.1795122,0.09557441,0.18753046,1.27374053,1.56017576,0.39903459,0.25823132,1.62400578
"EFHD1",0.004520796,0.002806361,0.122926829,0.018852879,0.004964669,0.247436469,0.006430179,5.272190936,0.003376952,0.030368764
"ARL4C",0.5271248,1.3554724,0.3541463,1.2338668,0.7846613,0.9398128,2.6326224,0.4333602,2.3243985,1.5198679
"LRRFIP1",0.6446655,2.0654818,1.1239024,2.0121319,1.348136,1.0566206,1.283035,0.2110485,1.5831575,0.4218267
"RAMP1",0.04249548,0.24789523,0.22439024,0.178903,0.4173672,0.95720018,0.05969349,0.33011531,0.06954411,2.41793203
"HDLBP",0.6347197,0.4265669,0.8331707,0.5985362,0.4911062,1.1934909,0.2525989,0.8576026,0.2474673,0.7111188
"SEPTIN2",0.2649186,0.5116932,1.8946341,0.6578573,0.7653509,1.468123,0.210374,0.7007241,0.2096876,1.0975481
"HYAL2",0.02079566,0.07202993,3.60195122,0.09936208,0.13919347,0.20998663,0.02089808,0.10217216,0.03092022,0.40296128
"ARF4",0.7233273,0.6941066,1.0195122,0.7954377,0.6975207,1.9991083,0.562855,0.743631,0.6988181,1.4939361
"PTPRG",0.01084991,0.010289991,2.52097561,0.020048983,0.06058114,0.472581364,0.009538099,0.037543577,0.012030393,0.322816013
"CLDND1",0.2133816,0.2871843,0.4439024,0.2657914,0.2485685,0.4061525,0.8889722,11.8522392,0.5015829,0.7132222
"ZBTB20",0.6636528,0.2469598,1.7160976,0.325739,0.3109771,1.3530985,0.7092487,3.2976669,0.7244618,2.7902945
"GAP43",0.15641953,0.10289991,0.5102439,0.20231247,0.09438962,2.69103879,0.25592112,0.75998927,0.25707049,6.40946888
"FSTL1",0.00994575,0.01496726,2.2595122,0.01443869,0.00941155,2.95095854,0.01082413,0.04853848,0.0138244,0.2525143
"HCLS1",0.62115732,2.50888681,0.30243902,1.88349376,2.09061282,0.07489969,1.16493409,0.08956825,1.15713381,0.03858542
"CD86",0.15370705,1.30776427,0.02731707,0.827106,0.97612086,0.01783326,0.03825956,0.02467149,0.0294428,0.01551305
"MYLK",0.009041591,0.03554724,0.349268293,0.011533861,0.007614522,0.771734284,0.009859608,2.268972915,0.009919797,0.097728916
"HEG1",0.02169982,0.04677268,2.07414634,0.05057812,0.06725146,0.17075346,0.07962705,0.39715741,0.04917687,0.11891146
"TF",0.004520796,0.013096352,0.044878049,0.03189611,0.01276194,0.082032992,0.01211017,17.445427729,0.013718869,0.137957668
"RBP1",0.06690778,0.02712816,1.62243902,0.1206926,0.04821516,1.98261257,0.06494481,1.07052829,0.10173069,3.27966213
"PLSCR1",0.1003617,1.3320861,0.5287805,1.1011562,0.9595821,0.4034775,0.2676026,0.1137034,0.2225623,0.2799415
"TM4SF18",0.0009041591,0,4.1590243902,0.0033035257,0.0019188596,0.0570664289,0.0012860358,0.005899705,0.0023216547,0.0032702294
"TM4SF1",0.008137432,0.011225444,3.656585366,0.026769949,0.011817739,0.5679893,0.020898082,0.167873425,0.025327142,0.783392493
"WWTR1",0.02350814,0.01028999,2.32487805,0.02665603,0.01839669,1.09317878,0.01511092,0.205417,0.02870409,0.51390258
"MBNL1",1.0081374,2.0374181,2.1121951,1.6449849,1.4792885,0.8131966,2.5167721,0.9621883,2.5564584,0.5353316
"SSR3",1.9249548,1.4134705,1.3931707,1.297773,1.2792398,1.8087383,0.7187868,0.9959775,0.8063529,0.9976829
"CCNL1",1.630199,1.980355,2.019512,2.142906,2.560185,1.287115,2.776658,1.427729,2.409033,1.109397
"MFSD1",0.1799277,1.0121609,0.3209756,1.7135046,1.5703277,0.1925992,0.1621477,0.2617324,0.1538624,0.2008151
"CLDN11",0.004520796,0.012160898,0.047804878,0.027083215,0.015381335,1.615247436,0.007823384,11.034325556,0.00865344,0.149329521
"RPL22L1",1.2576854,1.0327409,0.9082927,1.0470752,1.0838511,2.3401694,1.2045869,0.7792974,1.1696919,1.6716788
"PEX5L",0,0.003741815,0.016585366,0.003901578,0.002101608,0.001783326,0.002250563,2.338696702,0.001688476,0.008972589
"SOX2",0.15641953,0.05519177,0.44,0.12533462,0.06332237,0.94917521,0.2563498,1.50442478,0.24377374,4.84362059
"EIF4A2",1.844485,1.609916,1.754146,1.547445,1.708821,1.728934,2.9148,2.013677,2.719291,1.907563
"ST6GAL1",0.96564195,0.4424696,0.53853659,0.60488694,1.55555556,0.05706643,0.16321938,0.05470636,0.20472773,0.11445803
"LPP",0.159132,0.575304,0.8897561,0.5340605,0.522874,1.7703968,0.3369414,0.3132207,0.3809624,0.6837902
"QDPR",0.06962025,0.14218896,0.12390244,0.19547759,0.176596,0.23807401,0.11188511,12.07320998,0.11281131,0.61960166
"KDR",0,0.0018709074,3.36,0.0024206869,0.0012792398,0.037449844,0.0013932054,0.0174309466,0.0007387083,0.0036481956
"IGFBP7",0.07142857,0.30963517,38.35121951,0.17072962,0.09807505,27.84395898,0.12260208,0.32823813,0.08843394,2.04188852
"JCHAIN",49.628390597,0.14686623,0.089756098,0.02033377,0.010812622,0.01203745,0.056585575,0.005631537,0.053503588,0.003500296
"AREG",1.32368897,9.88213283,0.37073171,6.32593837,0.63666545,0.85198395,2.17736577,0.06355591,3.38856057,0.04170775
"SCD5",0.039783,0.03648269,0.20390244,0.05208749,0.03837719,0.6486848,0.05712142,3.64279968,0.05350359,2.34196082
"SPARCL1",0.10126582,0.08980355,22.39902439,0.21176739,0.13669591,13.29246545,0.1472511,0.63421829,0.17011397,5.89435023
"SPP1",3.202532,9.4116,3.950244,63.140001,140.602491,9.723584,4.318937,23.330115,3.076298,7.62491
"ABCG2",0.004520796,0.009354537,6.388292683,0.012245828,0.023818226,0.074008025,0.005036974,0.002681684,0.007176024,0.014346283
"EMCN",0.0009041591,0.0009354537,2.1170731707,0.0023067722,0.0014315302,0.0557289345,0.0009645268,0.0016090105,0.0013718869,0.0015118649
"OSTC",0.7992767,1.0561272,0.9160976,0.8667768,0.7022722,2.2153366,0.6788126,0.4746581,0.7425074,0.931851
"UGT8",0.04159132,0.005612722,0.008780488,0.006749445,0.004751462,0.019170753,0.006430179,3.815768302,0.006542845,0.178022086
"SNHG8",1.2486438,1.5182413,1.0917073,1.086803,1.1579861,0.5786893,1.316472,0.7393403,1.9154707,0.8326267
"SPRY1",0.06871609,0.27315248,3.25756098,0.27470525,0.82118056,1.10209541,0.14242846,0.06570126,0.15966653,0.70168606
"HHIP",0.003616637,0.001870907,0.013658537,0.00341744,0.00191886,0.017387428,0.001178866,1.883078573,0.001266357,0.020837442
"TMEM144",0.011754069,0.118802619,0.046829268,0.172153557,0.210495858,0.029424877,0.006858858,5.636631805,0.006964964,0.046046145
"MARCH1",0.72242315,1.81571562,0.0604878,1.35783448,1.22697368,0.05171645,0.04919087,0.71922767,0.04379485,0.12336489
"SPOCK3",0.0009041591,0.0028063611,0.1619512195,0.006464658,0.0028021442,0.0089166295,0.0008573572,2.8924644677,0.0012663571,0.0087918228
"SCRG1",0.1401447,0.191768,0.3629268,0.1759412,0.1226547,0.8011592,0.1822956,1.8581389,0.2196074,5.0828732
"GPM6A",0.14647378,0.04396632,0.34146341,0.09397961,0.04696637,0.66116808,0.12881792,0.54706356,0.17634023,4.31292316
"SPCS3",1.8589512,1.0130964,1.6263415,1.1089594,0.9850146,0.6495765,0.9035473,0.9654063,0.9111439,0.7083087
"TPPP",0.0018083183,0.0009354537,0.0048780488,0.0039870137,0.0028935185,0.009362461,0.0036437681,2.6822204344,0.0039046011,0.0286596989
"RETREG1",0.037974684,0.041159963,0.025365854,0.023836646,0.008315058,0.104770397,0.092380238,2.601501743,0.175073871,0.375764149
"BASP1",0.83544304,3.08231993,0.14341463,1.26641795,1.37402534,0.49621043,0.06312292,0.08581389,0.08051921,0.57697364
"SUB1",3.107595,3.151543,2.203902,1.849946,1.523422,2.867588,4.267817,1.84044,3.625897,4.427348
"IL7R",0.6636528,1.22637979,0.16,0.38306658,0.21567373,0.09763709,2.70442611,0.03968892,11.63602786,0.04742654
"FYB1",0.39240506,1.64078578,0.37463415,2.72045338,3.48915692,0.22871155,2.41024542,0.19200858,2.42190798,0.09955301
"DAB2",0.1084991,0.53882133,1.35609756,2.16133166,1.81892666,0.82211324,0.0790912,0.09868597,0.0471718,0.0561362
"SELENOP",0.09584087,0.16838167,0.83219512,1.70123028,0.91818957,0.73250111,0.05990783,18.42826495,0.06110173,0.51868468
"ITGA1",0.012658228,0.013096352,3.625365854,0.010366236,0.009076511,1.55595185,0.444646876,0.017430947,0.076086957,0.021281141
"GZMK",0.55877034,0.22076707,0.10536585,0.08563536,0.04797149,0.03209987,7.63648055,0.03754358,0.87948501,0.01687701
"GZMA",0.50994575,0.20392891,0.09756098,0.08680298,0.05802266,0.05037896,7.89057979,0.03325288,1.59962009,0.01764938
"IL6ST",0.4484629,0.5584659,4.0263415,0.6320271,1.2019676,1.2741864,0.7128925,1.584339,1.115344,1.2227043
"MAP1B",0.2757685,0.111319,2.7053659,0.2064704,0.1398635,5.0258582,0.306398,6.409225,0.3144787,4.4804444
"EDIL3",0.006329114,0.002806361,0.419512195,0.010878852,0.005208333,0.326794472,0.002464902,6.273799946,0.005698607,0.060573194
"LINC00461",0.02169982,0.02057998,0.07609756,0.03448767,0.01809211,0.26214891,0.02229129,0.28291767,0.04643309,1.58073687
"MEF2C",1.4746835,2.5332086,1.6087805,2.2440622,3.7838999,0.8974588,0.1548601,0.1826227,0.1355002,0.3474988
"RHOBTB3",0.1139241,0.1552853,0.4360976,0.3595432,0.2784783,1.5996433,0.1425356,1.9447573,0.1676868,2.6244824
"SLC12A2",0.06962025,0.07764266,1.04682927,0.0650168,0.057779,0.4716897,0.08327082,3.35585948,0.08706205,0.25831526
"IRF1",1.4755877,0.9017774,0.5629268,0.5919291,0.3896503,0.4034775,2.4772264,1.5368732,2.1811946,0.232745
"TGFBI",0.181736,1.1141254,0.1053659,4.2077804,1.8761879,1.309407,0.1408209,0.1126307,0.1184044,0.1981365
"SPOCK1",0.001808318,0.006548176,0.025365854,0.011676254,0.00526925,0.160499331,0.0060015,2.284794851,0.012030393,0.325100243
"MZB1",9.144665461,0.032740879,0.020487805,0.008401207,0.004172758,0.004012483,0.105990783,0.002949853,0.153123681,0.003319529
"ECSCR",0,0.004677268,2.782439024,0.003616791,0.002528021,0.033883192,0.005036974,0.002145347,0.009392149,0.002842963
"CD14",0.4240506,2.373246,0.4546341,6.2758729,7.5508955,0.3455194,0.3937413,0.3075892,0.3036091,0.1630513
"CSF1R",0.15370705,1.77268475,0.17853659,2.31095859,3.4282712,0.12795363,0.0815561,0.10485385,0.0659561,0.05102544
"CD74",13.6410488,77.3760524,3.2029268,33.6147406,42.4148696,1.6388765,5.7898403,1.8420488,3.7452512,0.9474298
"SPARC",0.08770344,0.0767072,30.62341463,0.2813123,0.16176291,14.20552831,0.12699603,2.17135961,0.14531448,2.81510879
"HAVCR2",0.07594937,1.05706268,0.07414634,1.11992368,1.51218324,0.03878734,0.28946522,0.05497452,0.20588856,0.023779
"DUSP1",5.048825,10.273152,4.550244,13.592983,14.988791,3.181899,5.940521,1.956825,7.526699,1.190446
"LTC4S",0.15822785,0.86997194,0.0995122,0.88896167,1.61287768,0.04235399,0.06676669,0.0415661,0.11101731,0.03207783
"SERPINB1",0.3598553,2.333957,0.5502439,1.7526912,1.494944,0.2808738,0.7099989,0.9005095,1.092233,0.1299382
"TUBB2A",0.08951175,0.09448082,0.17560976,0.16170189,0.12984284,0.91172537,0.17758011,0.55001341,0.1829886,2.00115033
"TUBB2B",0.3345389,0.1272217,0.5639024,0.2293387,0.1391935,2.0864913,0.5577109,2.9991955,0.5099198,9.1987938
"LY86",0.36980108,1.33863424,0.05756098,1.1086746,1.74010112,0.06063308,0.03665202,0.04317511,0.03345293,0.0249622
"NEDD9",0.23417722,0.2160898,1.82439024,0.27120237,0.33534357,0.33660276,0.35065909,0.04612497,0.43140566,0.29172418
"CD83",1.5596745,2.90551918,0.19317073,2.15199066,3.28335161,0.13999108,0.26031508,0.0976133,0.28102575,0.09169789
"SOX4",0.4104882,0.4527596,2.675122,0.358461,0.2956262,1.7084262,0.2586004,1.0858139,0.3488814,5.2882568
"MOG",0.004520796,0.005612722,0.004878049,0.005752691,0.003563596,0.016049933,0.002250563,4.164923572,0.002427184,0.025964636
"HLA-F",0.415009,0.6043031,0.2956098,0.3755767,0.4279971,0.1417744,1.7083914,0.4698311,1.148797,0.1345724
"HLA-E",3.6338156,4.6697848,8.6604878,4.9225095,6.5448343,1.6041016,8.7402208,2.3858943,7.264141,0.8017649
"IER3",0.6057866,2.4752105,0.7843902,4.799083,6.0812317,1.2893446,0.4800129,0.2609279,0.4140988,0.2005193
"LTB",2.13200723,2.07015903,0.1502439,0.13800763,0.08491715,0.03611235,1.39224092,0.0262805,8.41314901,0.03000723
"LST1",0.18264014,3.34424696,0.11804878,2.10682349,2.46016082,0.09184128,0.14510771,0.09332261,0.26551287,0.11016893
"AIF1",0.6175407,7.1889616,0.6087805,7.4656262,8.9892178,0.4235399,0.783303,0.4325556,0.4895526,0.2392526
"CLIC1",1.6211573,3.9214219,3.2926829,3.8607678,3.318348,3.1899242,4.2605294,0.6757844,3.5636344,1.5552817
"HSPA1B",5.212477,5.006548,1.521951,5.861537,5.918281,1.244761,4.583753,1.506302,4.752955,1.533097
"GPSM3",0.62748644,1.36108513,0.16585366,1.09474853,1.16788499,0.14266607,1.15314543,0.05041566,1.20050654,0.04407415
"NOTCH4",0.038878843,0.072965388,2.588292683,0.028962807,0.046326754,0.042799822,0.008787911,0.10968088,0.010552976,0.078616972
"HLA-DRA",10.7775769,77.1983162,1.8487805,26.4114313,30.724598,1.1908159,3.1261387,1.1343524,1.911355,0.7057615
"HLA-DRB1",6.494575,50.5977549,1.404878,15.1914906,16.082115,0.6665181,4.0737327,0.6682757,2.2138033,0.3734635
"HLA-DQA1",2.15641953,17.4303087,0.16195122,2.68895597,2.68058601,0.05216228,0.51580752,0.05470636,0.3425496,0.03462499
"HLA-DQB1",1.8047016,12.4443405,0.3658537,3.584724,4.1462293,0.2032992,0.740971,0.130598,0.4647531,0.0791757
"PSMB9",0.7793852,1.6192703,0.3356098,0.6581421,0.5974354,0.4538564,2.3955632,0.9632609,1.6373997,0.4322783
"HLA-DMB",0.63562387,2.47146866,0.08780488,1.67958649,2.43679946,0.05483727,0.21819741,0.06006972,0.08822288,0.03104253
"HLA-DMA",0.90687161,5.04396632,0.3102439,2.89081278,3.74780702,0.19349086,0.53306184,0.14052025,0.31120726,0.09061329
"HLA-DPA1",3.8426763,41.8409729,0.9512195,11.5321809,14.4315302,0.5742309,2.4322152,0.5486726,1.2477839,0.3405476
"HLA-DPB1",3.619349,40.6950421,0.7346341,10.1569459,11.6388584,0.5818101,2.7235023,0.4993296,1.1827775,0.3088477
"FKBP5",0.9502712,3.222638,1.7453659,2.8816996,2.8986659,1.2741864,2.5175222,1.5846071,2.7457788,0.6873726
"TREM2",0.18896926,1.44527596,0.30146341,3.04046819,5.3275463,0.22024075,0.14510771,0.15929204,0.11333896,0.09064616
"ADGRF5",0,0,3.874146341,0.003360483,0.00255848,0.230049041,0.002143393,0.001072674,0.001371887,0.001741931
"DST",0.2052441,0.6744621,1.0321951,0.8258814,1.0037463,1.5309853,0.2497053,9.8862966,0.2069439,2.4729508
"OGFRL1",0.1998192,2.4275023,0.5834146,1.6343908,2.1587171,0.3071779,0.2013718,0.2845267,0.1939637,0.4208407
"SNHG5",0.624774,1.9335828,1.1102439,2.1716979,2.3288865,4.5497102,0.581824,0.6004291,0.6639932,0.6836258
"PNRC1",2.2902351,3.8606174,2.2790244,3.6011562,4.0220517,2.0829247,3.7226449,1.5071065,3.562157,1.2301321
"FABP7",0.2287523,0.1150608,0.542439,0.2576465,0.1195175,1.6897013,0.4629729,0.7312953,0.4012241,8.5714356
"NCOA7",0.3363472,0.5238541,0.8390244,0.2906818,0.4088694,0.529202,0.3626621,2.7103781,0.3886661,0.1513015
"ARHGAP18",0.1799277,0.8774556,1.622439,1.6380361,1.3086318,0.2073116,0.4182831,0.152856,0.3066695,0.1136857
"EPB41L2",0.1482821,1.0617399,0.7278049,1.4466025,3.0413012,0.7164512,0.1085629,1.7248592,0.1044745,0.4745941
"CCN2",0.0009041591,0.005612722,12.61951,0.01352737,0.01349293,2.378511,0.004072447,0.02788951,0.008125791,0.09281536
"SGK1",0.5271248,4.3489242,1.9941463,4.0550208,5.9943348,0.5996433,0.5363841,4.4524001,0.7081047,0.4718497
"MAP7",0.018987342,0.044901777,0.165853659,0.029276072,0.024701511,0.016941596,0.004286786,2.767497989,0.013507809,0.046752777
"IFNGR1",0.2830018,2.9186155,3.0565854,2.1060261,2.9807809,0.4917521,0.5096989,0.6280504,0.5227944,0.2504766
"TNFAIP3",0.9529837,1.5893358,0.5668293,2.5047844,2.5350268,0.7547927,3.4536491,0.1252346,5.43626,0.1316637
"UTRN",0.42133816,0.63049579,2.38439024,0.6947941,0.49558358,0.59473919,0.8718251,0.07106463,0.61365555,0.20452902
"SOD2",0.6636528,1.7474275,2.0409756,4.9909153,3.6211623,2.6727597,0.9016183,0.8541164,0.9364711,1.9529843
"RNASET2",1.3933092,5.1365762,0.6107317,5.6306601,9.983644,0.7405261,1.2148751,0.5087155,1.4552554,0.4239466
"KDELR2",0.6916817,0.8063611,1.204878,0.9971521,0.876066,2.5274186,0.6205123,0.6725664,0.585268,1.3850983
"SCIN",0.07323689,0.26847521,0.48292683,0.7564789,2.20330775,0.0410165,0.03568749,0.06141057,0.02880962,0.02765727
"ETV1",0.02712477,0.02151543,0.19902439,0.04297431,0.03478314,0.49487294,0.0670882,0.28586752,0.06025749,2.60919937
"ITGB8",0.05063291,0.04396632,0.17073171,0.08281597,0.03587963,0.60588498,0.03493731,1.3285063,0.05983537,2.33049037
"RAPGEF5",0.02079566,0.003741815,0.884878049,0.007888591,0.004538255,0.141774409,0.00610867,4.348618933,0.004748839,0.058814829
"GPNMB",0.2513562,0.5032741,0.1082927,4.2384234,2.4033869,0.4636647,0.1598971,0.1410566,0.1325454,0.2611582
"SEPTIN7",0.6835443,0.9139383,2.7278049,0.9742553,0.9842532,3.436469,0.9670989,3.2810405,0.7092655,3.0930454
"ANLN",0.011754069,0.019644528,0.072195122,0.04536652,0.022660819,0.09674543,0.027221091,5.735854116,0.009286619,0.104088608
"STK17A",1.0669078,0.909261,0.4946341,0.3439938,0.5014011,0.6758805,2.453542,0.1997855,1.6016252,1.1587294
"IGFBP3",0.01265823,0.01683817,9.7297561,0.04294583,0.01294469,1.10699955,0.03182939,0.05497452,0.03915154,0.94264774
"IKZF1",0.62748644,0.99158092,0.07512195,0.57962636,0.77826511,0.03834151,1.95723931,0.06811478,2.00664837,0.02941563
"HSPB1",2.5153707,2.647334,1.9990244,4.483283,3.7547515,4.925992,1.2345944,0.8999732,1.5041157,2.6082627
"FGL2",0.12206148,2.97754911,0.10341463,1.2291109,1.23102461,0.17788676,0.08252063,0.04934299,0.09655973,0.03779662
"ABCB1",0.012658228,0.008419083,2.694634146,0.004841374,0.003472222,0.050824788,0.099667774,0.003218021,0.054875475,0.026654835
"SRI",0.5461121,1.0112254,1.3443902,0.6529874,0.6853984,1.7418636,1.2499196,1.8028962,1.25,4.3054953
"GNG11",0.003616637,0.014031805,6.355121951,0.021871618,0.018548977,1.569326794,0.01221734,0.049611156,0.023955255,0.300253073
"COL1A2",0.02983725,0.03274088,0.58341463,0.04035427,0.03027534,23.45653143,0.02582789,0.19549477,0.03292528,0.38154868
"PON2",0.07594937,0.2909261,4.13268293,0.27846443,0.31012427,0.84574231,0.10374022,1.28050416,0.09898691,2.06757379
"ARPC1B",1.1808318,4.5004677,1.9970732,3.705673,4.1758041,1.4516273,2.3844175,0.3703406,2.6784508,0.4137251
"TSC22D4",0.3146474,0.3601497,0.4809756,0.3275047,0.2845395,0.8876505,0.6495552,5.6902655,0.6035247,3.5093177
"PCOLCE",0.01808318,0.0243218,0.13170732,0.02978869,0.02004142,4.00891663,0.0215411,0.08098686,0.02416631,0.26502005
"NAMPT",0.6238698,2.1721235,2.6058537,4.5306715,2.7615741,1.8880963,0.9977494,0.8345401,1.2114816,1.903635
"NRCAM",0.03345389,0.0121609,0.43902439,0.04644871,0.02153387,0.84485065,0.03740221,0.26521856,0.04854369,1.99528364
"FAM3C",0.3517179,0.1842844,0.4409756,0.2311614,0.2258163,0.6812305,0.1875469,0.3209976,0.2325876,1.3594294
"PTPRZ1",0.6980108,0.2488307,2.0712195,0.4706954,0.3047332,3.3807401,0.9553103,2.2512738,0.8487759,24.1631171
"GPR37",0.001808318,0.001870907,0.010731707,0.00857208,0.006548489,0.050378957,0.002250563,2.781442746,0.002321655,0.162213239
"CALU",0.3200723,0.2422825,1.5258537,0.5267415,0.361568,2.7530094,0.2458472,0.7412175,0.256965,1.5266713
"PODXL",0.023508137,0.004677268,4.162926829,0.011163638,0.006944444,0.148907713,0.009966777,0.061946903,0.013613339,0.331837902
"CALD1",0.08499096,0.02806361,5.55121951,0.12151848,0.05193104,18.23851984,0.09881042,1.51488335,0.14478683,2.67688819
"PTN",0.5913201,0.2469598,2.6341463,0.5918152,0.3054946,12.3062862,1.0102883,6.6427997,0.8515196,23.6725498
"TRBC2",0.47649186,0.19363891,0.08195122,0.05946346,0.03855994,0.02496656,3.08895081,0.02681684,3.5067539,0.02346677
"ATP6V0E2",0.07052441,0.08325538,0.10536585,0.10041579,0.12082724,0.36602764,0.37027114,0.74711719,0.39109329,1.40692171
"ANGPT2",0.0596745,0.0383536,12.28878049,0.02941847,0.03554459,0.59028087,0.05658557,0.33762403,0.05508653,0.10004601
"CTSB",1.162749,3.407858,2.14439,12.799482,10.82313,2.176995,1.391062,1.237329,1.293056,1.319579
"MSR1",0.11392405,0.97100094,0.08292683,2.45318107,2.67077851,0.08649131,0.0646233,0.076428,0.05339806,0.04331821
"MTUS1",0.02983725,0.09260992,3.16097561,0.22979438,0.45437378,1.36513598,0.03022184,4.22365245,0.03714648,0.22078157
"STMN4",0.01084991,0.009354537,0.018536585,0.012074956,0.007431774,0.03923317,0.009538099,3.141056584,0.022372309,0.49142181
"CLU",0.7911392,0.4097287,2.0604878,0.8996127,0.4874208,8.2559073,1.1412496,11.5679807,1.0221612,24.4971242
"LEPROTL1",0.278481,0.5706268,0.4468293,0.4690437,0.484771,0.3718235,1.7046404,0.3936712,1.8370621,0.6176297
"TACC1",0.3119349,0.7446211,3.2409756,0.7831634,0.8244091,1.0842621,0.4953381,1.5880933,0.4685521,0.3898311
"ST18",0.005424955,0.118802619,0.003902439,0.072734522,0.034021686,0.006241641,0.00310792,2.090640922,0.002216125,0.013228817
"LYN",0.40415913,1.11880262,0.35804878,1.20521729,1.19624147,0.07133304,0.08455685,0.0407616,0.05149852,0.04831394
"PREX2",0.006329114,0.047708138,2.146341463,0.008201857,0.005634747,0.086491306,0.001714714,0.241619737,0.006859434,0.254371261
"PMP2",0.1925859,0.1000935,0.5746341,0.1594521,0.1185429,1.2492198,0.3308327,2.0488067,0.2705783,7.4443404
"CA2",0.0244123,0.17680075,7.25365854,0.13140058,0.03947368,0.58849755,0.01468224,3.90775007,0.03218658,0.45618879
"PABPC1",3.026221,7.038354,3.042927,5.498348,5.411458,2.310299,3.628764,1.519442,4.742085,1.674965
"YWHAZ",1.759494,2.191768,2.383415,2.149485,1.628198,2.144895,3.054442,2.778761,2.755276,1.7441
"BAALC",0.079566,0.0261927,0.36292683,0.0719656,0.03213328,0.6883638,0.06794556,2.01555377,0.1230477,2.67466969
"ENPP2",0.024412297,0.155285313,0.224390244,0.045537392,0.038285819,0.094962104,0.006537349,4.329847144,0.006120726,0.0279202
"FAM49B",0.6066908,2.2338634,0.5560976,2.0123597,2.3761879,0.3111904,1.2898939,0.9833736,1.0304981,0.4856373
"SLA",0.40958409,1.27408793,0.1795122,2.14732016,1.84837963,0.07891217,1.89025828,0.09224993,2.22129591,0.05743443
"NDRG1",0.1799277,0.2656688,0.617561,0.6632113,0.2275524,0.9875167,0.3253671,4.7291499,0.4616927,0.9189016
"PTPRD",0.003616637,0.011225444,0.029268293,0.006664009,0.003807261,0.053945609,0.004179616,2.30866184,0.007176024,0.261585486
"NFIB",0.04339964,0.01028999,2.25463415,0.03519964,0.02317861,0.47971467,0.03740221,0.69401984,0.05002111,1.68934464
"PLIN2",0.363472,0.8811974,0.7268293,3.5656433,1.8423185,0.6602764,0.5568535,0.3274336,0.7354369,0.2662525
"SLC24A2",0.002712477,0.001870907,0.011707317,0.00663553,0.002436647,0.026749889,0.001393205,3.002949853,0.002954833,0.103299809
"DNAJA1",2.229656,2.478017,2.340488,2.3817,2.334186,1.47169,3.699496,2.443819,3.719291,1.810787
"TPM2",0.1039783,0.05706268,0.61170732,0.04397107,0.03944323,9.1685243,0.02979316,0.10002682,0.02691009,0.43982121
"ANXA1",0.4294756,2.0289991,2.0809756,2.5971692,1.1539047,2.3321444,2.9455578,0.3113435,3.2259392,1.4047854
"PRUNE2",0.006329114,0.019644528,0.037073171,0.048214387,0.038255361,0.17209095,0.010716965,2.490480021,0.020472773,0.372954052
"CTSL",0.1943942,0.4855005,0.4321951,3.1762545,2.3553545,1.1676326,0.1871182,0.7489944,0.2886239,0.4576514
"SLC44A1",0.20614828,0.27315248,0.4995122,0.26485163,0.18862695,0.74543023,0.07437574,8.18449987,0.10827353,0.91181884
"TXN",1.0479204,5.1515435,1.8517073,1.7973173,0.9829739,3.4953188,1.809881,2.8530437,1.900802,2.8007296
"GSN",0.2721519,3.8269411,2.8487805,2.7410719,3.3036062,2.0490415,0.3197942,18.1246983,0.2325876,0.4813646
"ENG",0.0596745,0.33208606,4.98439024,0.90271687,0.84371954,0.45876059,0.08830779,0.04639313,0.05951878,0.05097614
"AIF1L",0.022603978,0.008419083,0.284878049,0.017001766,0.011360867,0.128399465,0.011467153,2.819790829,0.01741241,0.567787419
"EGFL7",0.012658228,0.011225444,3.792195122,0.059947599,0.050560429,0.1119037,0.010609795,0.008045052,0.010658506,0.023499638
"PHPT1",0.8227848,0.9373246,1.2721951,0.9347838,0.8828582,2.7467677,1.1888329,2.1123626,1.1159772,3.6369388
"PTGDS",0.7459313,0.0888681,0.7580488,0.1380931,0.0755056,11.7079804,0.3379059,33.6015017,0.1408822,0.9874614
"ABCA2",0.01446655,0.04770814,0.05658537,0.04009797,0.03910819,0.06553723,0.11467153,4.3488871,0.07745884,0.16137514
"NPDC1",0.04249548,0.05519177,2.42243902,0.09138805,0.05302753,0.44092733,0.10245418,0.46714937,0.19776277,1.43005982
"KLF6",3.202532,6.289991,5.166829,7.883237,10.424708,3.432457,5.695638,2.999732,7.470346,1.533754
"GDI2",0.5777577,1.9073901,0.88,1.2976875,1.1209186,0.7810967,0.5999357,1.0984178,0.7033558,0.5177808
"CELF2",0.9122966,2.0813845,0.4243902,1.9008088,2.0989888,0.5693268,2.107384,0.3298471,2.2400802,0.8587064
"FAM107B",0.8725136,0.5940131,0.4897561,0.6067096,0.3297697,0.3152029,1.2460615,5.1689461,1.6819333,0.2992835
"PLXDC2",0.2034358,2.3751169,0.4302439,3.2323859,4.0811404,0.5060187,0.1311757,0.5473317,0.1066906,0.1106455
"PIP4K2A",0.3273056,0.5996258,0.2039024,0.3661787,0.3004081,0.1355328,1.1915122,4.4730491,0.7151752,0.1798626
"ARHGAP21",0.0994575,0.35640786,0.39317073,0.53235177,0.69072856,0.39411502,0.07694781,6.0721373,0.08685099,0.95005916
"APBB1IP",0.3716094,1.31618335,0.0595122,1.33989292,2.32218567,0.05171645,1.12260208,0.07106463,0.90059097,0.03222573
"ITGB1",0.8146474,1.4312442,8.4526829,1.8501168,1.9094786,6.4168524,1.7263959,1.7892196,1.6419375,0.9897127
"NRP1",0.05334539,0.08793265,2.51902439,0.67807712,0.54060063,0.47748551,0.02979316,0.04505229,0.01931195,0.14114573
"ANK3",0.06057866,0.05332086,0.01365854,0.02329555,0.01501584,0.04012483,0.1401779,2.07910968,0.27606585,0.1377769
"SRGN",3.3300181,12.6417212,6.1765854,18.1130318,16.5963389,1.5189478,10.6768835,0.823277,13.0841072,0.5170413
"PPA1",0.5253165,3.9008419,1.1619512,0.7478499,0.732913,1.0276416,0.6050798,1.8554572,1.0365133,0.6745382
"PSAP",1.756781,4.550982,3.176585,12.54044,10.930342,2.665181,1.694031,6.775811,1.394048,2.062857
"SPOCK2",0.2278481,0.07202993,1.07512195,0.03118414,0.02043738,0.11769951,0.82263423,0.04237061,1.80793584,0.19882666
"ANAPC16",1.2350814,1.3666978,1.0370732,1.2401321,1.3083882,1.0107,1.8960454,0.7353178,2.1522794,0.6479163
"DDIT4",1.70434,2.5715622,1.2936585,2.0186535,2.41423,1.1841284,3.0651591,0.7237865,3.8152174,0.6948169
"SCD",0.06238698,0.09260992,0.09365854,0.6901236,0.36912159,0.20775747,0.10470475,7.19254492,0.09012241,0.62385788
"GSTO1",0.3788427,1.373246,1.1092683,2.4317082,1.7498477,1.6397682,0.8081663,1.7540896,0.7655129,0.491126
"ABLIM1",0.100361664,0.021515435,2.850731707,0.013812155,0.009076511,0.167632635,0.282284857,0.028425851,0.265407345,0.203937422
"RGS10",0.3688969,4.515435,0.3843902,2.8061742,4.4151438,0.4725814,1.2327725,0.1981765,1.4205361,0.1292809
"FGFR2",0,0,0.003902439,0.005268554,0.004325049,0.027641551,0.0060015,3.303298471,0.003482482,0.06372839
"LHPP",0.0994575,0.09448082,0.04682927,0.09215697,0.09189206,0.08693714,0.05176294,3.385358,0.05561418,0.09314402
"NKX6-2",0.004520796,0.003741815,0.012682927,0.021415959,0.005543372,0.022737405,0.005036974,9.309198176,0.003588012,0.033556826
"IFITM2",0.4936709,2.6304958,3.462439,1.2021416,0.8975694,2.9692376,1.9644197,0.1316707,2.3711482,0.2880596
"IFITM3",0.2775769,2.6342376,7.9990244,1.8525944,1.3184698,17.7213553,0.3773443,1.5202467,0.2898902,2.3288963
"CD151",0.09041591,0.32553789,1.13073171,0.60201059,0.47012061,1.40748997,0.13696281,0.19039957,0.18341072,1.34534609
"POLR2L",1.238698,1.519177,2.637073,2.159765,1.696181,3.945163,2.102883,1.758917,1.820705,3.06082
"CTSD",1.216998,1.820393,1.430244,10.085265,5.776407,1.278645,2.068053,3.968624,1.39141,1.127161
"LSP1",0.8761302,3.11880262,0.05853659,1.36270433,0.81810429,0.09094962,1.54345729,0.05846071,1.20620515,0.05986656
"CDKN1C",0.04520796,0.13751169,0.11707317,0.15694595,0.19179459,0.20864913,0.06473047,3.53848217,0.06089067,0.56356406
"RHOG",0.2757685,1.4200187,0.2839024,1.2989406,1.2929459,0.2420865,0.6217983,0.9471708,0.7332208,0.1974463
"CD59",0.3878843,0.5706268,5.6214634,0.73905,0.8500244,2.2304949,0.1474654,1.6170555,0.2806036,0.9039966
"LMO2",0.07594937,0.4546305,2.86439024,0.41613032,0.67574318,0.35042354,0.02121959,0.05846071,0.02532714,0.57235588
"CD44",0.9918626,1.1440599,0.355122,2.6043174,0.881183,1.2269282,2.6820276,0.4652722,2.3641832,0.7894893
"MDK",0.08860759,0.05986904,0.47512195,0.15725921,0.08711014,1.78510923,0.09259458,0.61571467,0.13370621,3.0004437
"SPI1",0.17902351,1.97006548,0.05853659,1.82257789,1.65938718,0.05617477,0.07298253,0.05524269,0.07249894,0.04831394
"MS4A6A",0.36347197,4.4565014,0.28097561,3.6373811,4.01550317,0.2082033,0.17286464,0.15044248,0.12684677,0.07437718
"MS4A4A",0.10307414,0.62207671,0.04292683,1.59121718,1.68469786,0.04547481,0.04779766,0.05738804,0.04073449,0.0247157
"MS4A7",0.3318264,2.373246,0.3560976,4.436521,5.1860989,0.2710655,0.22302,0.2094395,0.155973,0.105091
"MYRF",0.007233273,0.002806361,0.010731707,0.006863359,0.003137183,0.010699955,0.003750938,2.695092518,0.00432672,0.052750937
"EEF1G",3.040687,5.558466,3.466341,4.841972,5.516904,6.006242,1.982531,1.655672,2.298122,3.863784
"PPP1R14B",0.6980108,0.9635173,1.1921951,0.8343396,0.6933784,1.685243,1.3045761,0.6068651,0.817328,2.9099454
"CCDC85B",0.4701627,0.686623,3.8721951,0.635473,0.6616715,0.928667,1.1558247,0.7618665,1.1269523,1.2764576
"CARNS1",0.008137432,0,0.002926829,0.004613544,0.004203216,0.007579135,0.007930554,2.438991687,0.009919797,0.009843555
"PLEKHB1",0.03797468,0.01683817,0.02829268,0.03454463,0.04772783,0.0806955,0.03761655,3.01930813,0.06067961,0.46284428
"UCP2",0.60759494,1.66230122,0.08292683,1.05692886,1.07803363,0.05171645,0.94223556,0.08286404,1.01361334,0.10786827
"SLCO2B1",0.1238698,0.6463985,1.23414634,1.89109757,2.56444932,0.08292465,0.06130104,0.09519979,0.05403124,0.03615329
"SERPINH1",0.1835443,0.19831618,2.26536585,0.28524235,0.17315424,3.01337494,0.07973422,0.07669617,0.13054031,0.38874647
"CRYAB",0.08589512,0.09822264,0.2097561,0.26394031,0.10833942,2.06732055,0.10031079,21.11987128,0.179084,2.61342273
"IL18",0.10578662,2.04022451,0.06829268,1.49458905,2.22447612,0.05617477,0.06387311,0.06060606,0.04052343,0.03059883
"NCAM1",0.05153707,0.03367633,0.06829268,0.03616791,0.01848806,0.31475702,0.07930554,2.92947171,0.04875475,1.68365871
"TAGLN",0.04249548,0.04770814,1.48097561,0.05946346,0.05604288,17.52608114,0.03825956,0.09707696,0.03735753,0.32099191
"FXYD6",0.03887884,0.01403181,0.14634146,0.08950846,0.04318957,0.44493981,0.04136748,0.51032448,0.0638455,2.09848485
"CD3E",0.25316456,0.1253508,0.08390244,0.05391012,0.03527047,0.02095408,2.84803344,0.0262805,2.91789785,0.01993361
"CD3D",0.38065099,0.16931712,0.08097561,0.07469955,0.057779,0.03522069,4.68910085,0.03432556,4.41853103,0.0275258
"CD3G",0.17992767,0.06735267,0.03609756,0.0364527,0.02872198,0.0240749,2.53724145,0.01877179,2.19913466,0.01442845
"ARHGEF12",0.0641953,0.101029,2.02341463,0.1133451,0.11232943,0.67900134,0.08337799,0.26977742,0.14985226,0.3898968
"SORL1",0.1455696,1.1375117,0.1082927,1.3622772,2.5158687,0.1127954,0.4477548,0.9654063,0.5073871,0.2331394
"ESAM",0.003616637,0.003741815,4.149268293,0.005097682,0.003807261,0.206865805,0.002357732,0.0050952,0.005276488,0.006359692
"ROBO4",0.003616637,0.013096352,3.527804878,0.006749445,0.006761696,0.020062416,0.002143393,0.003486189,0.002638244,0.008939723
"FEZ1",0.03526221,0.01683817,0.13463415,0.05533405,0.03441764,0.41729826,0.04383239,6.62322338,0.05339806,1.54119832
"ETS1",0.6075949,0.1777362,2.6770732,0.1620152,0.1550317,0.7851092,2.9557389,0.125771,2.9105108,0.2004864
"CCND2",0.6546112,0.4574369,0.8643902,0.2044199,0.2160088,0.843959,0.9578823,0.442746,1.1903757,3.5679353
"VWF",0.017179024,0.019644528,11.369756098,0.022014012,0.010873538,0.045028979,0.017790162,0.023330652,0.019628535,0.007871557
"PTMS",0.562387,1.3741815,2.7121951,1.1936834,1.2033077,4.0641997,1.1976208,1.1158488,0.8290418,4.3690429
"C12orf57",1.0018083,0.6576239,1.9892683,0.5666686,0.7526803,2.5091395,1.8930447,0.8761062,2.0981427,1.7623743
"C1R",0.03074141,0.01403181,0.12878049,0.03201002,0.01236598,2.42398573,0.02207695,0.16492357,0.01804559,0.62546835
"CD163",0.3499096,2.1852198,0.3804878,5.7046477,4.0124574,0.2550156,0.2111242,0.2083669,0.1961798,0.1035627
"C3AR1",0.09403255,0.63797942,0.06243902,1.16232842,1.59670443,0.03522069,0.08680742,0.03325288,0.13951034,0.02124827
"A2M",0.3200723,1.2946679,19.0936585,3.0513755,5.6838146,1.8123049,0.3591255,0.3740949,0.2534825,0.7632124
"CD69",2.65641953,1.0645463,0.22829268,0.56763684,1.01596004,0.05706643,5.53874183,0.09305444,7.25369354,0.05748373
"CLEC2B",0.4249548,1.1665108,0.6682927,1.1308025,0.8598014,0.5599643,2.2731754,0.1319389,1.118932,0.3347466
"CLEC7A",0.09855335,1.7857811,0.1004878,1.59338156,1.66407773,0.04993313,0.06805273,0.04397962,0.19216969,0.0268849
"OLR1",0.15551537,0.89335828,0.15512195,2.30543373,3.60042032,0.10566206,0.07834101,0.08903191,0.06859434,0.03930849
"YBX3",1.0045208,1.5594013,2.5443902,1.915874,1.4947612,1.7944717,0.7209302,0.3577367,0.3603841,1.0794551
"APOLD1",0.07233273,0.04677268,6.1804878,0.0265706,0.0235441,0.67186803,0.10116815,0.04880665,0.11924863,0.07820614
"MGP",0.12296564,0.05519177,5.1404878,0.0638207,0.06432749,26.31564868,0.06419462,0.57790292,0.05044322,0.69710116
"ARHGDIB",1.8426763,4.0654818,2.3726829,2.9828274,3.0480324,0.8640214,4.5403494,0.2113167,4.5714436,0.1432163
"EPS8",0.09403255,0.32460243,0.99804878,0.42501566,0.54358553,1.8074008,0.20169328,0.57656208,0.1741241,0.29259515
"LDHB",1.132911,1.333957,1.798049,1.117304,1.158473,2.908159,2.285607,1.811478,3.04981,4.242441
"BHLHE41",0.32278481,1.38634238,0.09658537,1.08093638,2.87755848,0.18992421,0.04640446,1.61678734,0.04981005,0.21884244
"PPFIBP1",0.02622061,0.04022451,1.62731707,0.05009398,0.02467105,0.96611681,0.02379166,0.74229016,0.03197552,0.41955893
"SLC48A1",0.03616637,0.05332086,0.09756098,0.10505781,0.07794225,0.07579135,0.02121959,2.2724591,0.02997045,0.16528627
"TUBA1A",1.34358,1.623012,2.877073,1.253745,1.016996,6.546144,2.397814,18.691338,2.200295,24.940364
"LIMA1",0.1048825,0.2450889,0.8136585,0.1550664,0.1499756,1.2897905,0.2065159,0.6642532,0.3075137,2.1845625
"NR4A1",0.9900542,1.6071094,0.8204878,1.6520761,2.4177632,0.6063308,0.3818455,0.1828909,0.4819544,0.1227404
"CBX5",0.2947559,0.3292797,0.7707317,0.2671584,0.2802449,0.7588052,0.3787375,1.0152856,0.4268679,1.5777131
"MYL6B",0.1708861,0.1618335,0.2195122,0.202882,0.1860989,0.7035221,0.1256028,0.43631,0.1689531,1.3110005
"CDK4",0.2034358,0.2179607,0.3980488,0.2475081,0.2335222,0.5800267,0.1758654,0.4623223,0.2234065,1.5781568
"RAP1B",0.9086799,1.5341441,1.617561,1.2726263,1.0736477,1.1716451,2.2654592,1.0045589,2.163149,0.9248998
"CPM",0.1437613,0.58652947,0.49268293,2.22629151,2.77515838,0.74141774,0.06719537,0.71788683,0.08410722,0.20083153
"LYZ",0.62477396,9.36856876,0.52487805,9.04200604,1.99677144,0.16807847,0.27381845,0.09814964,0.26498523,0.13621574
"CCT2",0.4620253,0.6286249,1.12,0.5868599,0.505117,1.0472581,0.7284321,0.7835881,0.6801393,4.9915204
"KCNMB4",0.01265823,0.0243218,0.27804878,0.0295039,0.0286306,0.09407044,0.01650413,5.33494234,0.01857324,0.41715967
"PTPRB",0.004520796,0.002806361,2.853658537,0.005496383,0.004721004,0.015604102,0.001500375,0.016090105,0.002216125,0.005932426
"GLIPR1",0.48101266,1.7333957,0.08390244,1.30981945,1.21984649,0.89300045,0.87021755,0.08313221,0.93436049,0.2215375
"PHLDA1",0.2622061,0.1927035,0.8897561,0.7439198,0.5037768,2.0646456,0.4195692,0.5352641,1.0633179,3.0727831
"DCN",0.01084991,0.008419083,1.39902439,0.023893604,0.03603192,28.639322336,0.013396206,0.510860821,0.010025327,0.100571879
"BTG1",8.517179,6.842844,5.512195,6.462807,4.882279,2.604102,16.099561,1.437115,18.563318,2.362568
"ANKS1B",0.008137432,0.008419083,0.012682927,0.007005753,0.004538255,0.04235399,0.022719966,2.512469831,0.041684255,0.115246828
"ALDH2",0.10307414,1.5696913,0.2595122,0.93159424,0.93874878,0.19438252,0.03290108,0.21426656,0.03419164,0.32722014
"CDK2AP1",0.05786618,0.54630496,1.44878049,0.36014125,0.48601974,0.9447169,0.07930554,0.77259319,0.11017307,1.55276737
"AMER2",0.0090415913,0.0009354537,0.0351219512,0.0125306146,0.0065789474,0.0410164958,0.0076090451,6.0230624832,0.0100253271,0.3320844015
"FLT1",0.014466546,0.186155285,7.662439024,0.231673976,0.085221735,0.092732947,0.008359233,0.003218021,0.018573238,0.005932426
"ALOX5AP",0.7667269,4.6548176,0.4917073,5.7864954,6.7756457,0.3722693,1.7999143,0.3507643,1.8546855,0.2060245
"N4BP2L2",1.525316,1.528531,1.770732,1.485789,1.607852,1.649131,2.764548,2.134889,2.559097,1.570105
"LHFPL6",0.01084991,0.01590271,1.2302439,0.02093182,0.01212232,2.67097637,0.00932376,0.31107536,0.02026171,0.50898902
"ELF1",0.880651,1.0813845,0.96,1.0803383,1.1840887,0.3036112,1.6848141,0.6626441,1.7044111,0.198383
"RGCC",0.425859,2.3021515,11.7082927,2.0463633,1.8398209,0.4400357,1.3416568,2.0606061,1.6691642,0.4553671
"DNAJC15",0.4475588,0.9251637,1.1492683,0.73905,0.6896625,1.3709318,0.5597471,0.6787342,0.5996201,0.8579176
"TSC22D1",0.10940325,0.08980355,6.80292683,0.18516831,0.11382188,2.17253678,0.18551066,2.08340038,0.18066695,2.66975613
"LCP1",1.07233273,3.82413471,0.19512195,2.25867175,1.08686647,0.05483727,3.72586004,0.13140252,2.64774166,0.04910274
"PCDH9",0.17902351,0.01964453,0.15512195,0.05541949,0.02796053,0.51493535,0.04619012,7.53714132,0.08537358,2.17074213
"COMMD6",1.822785,3.343312,1.531707,2.410691,2.57246,2.547035,3.219805,1.431483,3.549599,2.169066
"KCTD12",0.2658228,2.6566885,1.6878049,3.1687931,3.3453643,0.4132858,0.1851892,0.1906677,0.1616716,0.2940413
"SLAIN1",0.03254973,0.01309635,0.05073171,0.01925158,0.01437622,0.06954971,0.05797878,5.12443014,0.06912199,0.42864655
"DOCK9",0.015370705,0.00748363,3.189268293,0.006948795,0.004020468,0.056620597,0.074161397,0.59694288,0.097403968,0.025356603
"GPR183",1.16094033,3.3171188,0.13170732,2.4018625,2.54547393,0.12304949,0.8453542,0.06945562,1.6673702,0.05700716
"TMTC4",0.02169982,0.03554724,0.21756098,0.03269351,0.02625487,0.03611235,0.02271997,1.96674712,0.03092022,0.12053836
"COL4A1",0.02622061,0.01122544,16.55902439,0.03448767,0.02406189,8.75613018,0.01500375,0.04987932,0.01994512,0.36705449
"COL4A2",0.00994575,0.008419083,9.511219512,0.027083215,0.019462719,5.26883638,0.013289037,0.046929472,0.01319122,0.370423322
"RNASE6",0.34358047,1.80074836,0.04487805,1.27268326,1.33010478,0.04458315,0.06440896,0.03995709,0.04748839,0.0280188
"TRAC",0.50723327,0.18147802,0.1004878,0.06621291,0.04081384,0.07579135,3.06483764,0.02681684,4.17148586,0.04078748
"PSME1",1.3345389,1.9971936,1.0780488,1.325141,1.1009686,1.1868034,3.0812346,1.6293913,2.5435838,0.6931572
"PSME2",0.9810127,1.9120674,0.7795122,1.0914165,0.9340582,1.0017833,1.8164184,0.7047466,1.6034192,0.6268323
"GZMH",0.25497288,0.101029,0.04097561,0.04684741,0.03204191,0.02095408,4.52856071,0.01903996,0.30181511,0.01092815
"NOVA1",0.22061483,0.08512629,0.96878049,0.15526571,0.09706993,1.17209095,0.38088093,1.61142397,0.35130857,7.26089529
"NFKBIA",3.2052441,4.4031805,2.0614634,6.7111693,7.7279788,2.1489077,3.9467367,1.976133,6.5027438,0.8432426
"CLEC14A",0.0009041591,0.0046772685,2.9482926829,0.0025061229,0.0012792398,0.018724922,0.0019290537,0.0246714937,0.0023216547,0.0023335305
"MIS18BP1",0.5018083,1.3797942,0.36,0.9073304,1.2938901,0.288453,0.5534241,0.1351569,0.4776277,0.1670611
"HSPA2",0.03526221,0.0261927,0.09073171,0.04681893,0.04008285,0.24297815,0.05122709,3.10887637,0.05455889,0.21279498
"PLEKHH1",0.007233273,0.013096352,0.051707317,0.020903343,0.023452729,0.019616585,0.003536598,2.077768839,0.004643309,0.061953592
"SRSF5",1.727848,1.976614,1.957073,1.755909,2.130269,1.564423,3.010503,2.181282,2.801499,1.513097
"NPC2",1.6139241,7.5219832,1.3707317,9.9059919,10.8450902,1.7311636,1.1834744,1.6811478,0.9464964,0.7014396
"DDX24",1.2224231,1.0299345,1.475122,0.9854474,1.1499756,1.1747659,2.6930661,1.9785465,2.5331363,1.4177841
"IFI27",0.1609403,0.1730589,11.4390244,1.3533918,0.9805677,1.5621935,0.1578609,0.1161169,0.2082102,0.8576053
"SERPINA1",0.11573237,1.71562208,0.10146341,2.10070058,1.77875244,0.07846634,0.06848141,0.05417002,0.07176024,0.04847828
"EVL",0.5334539,0.6716558,0.4897561,0.568064,0.9290631,0.2545698,2.3859179,0.4465004,2.0466442,0.3891902
"PPP2R5C",0.6374322,0.4490178,0.4195122,0.4811186,0.4445663,0.2938029,2.3624478,0.3767766,1.8949979,0.3606948
"CKB",0.2830018,0.4377923,0.6682927,0.3629037,0.4823952,1.642889,0.5929697,2.8696702,0.4477628,8.5581082
"PACS2",0.04882459,0.12909261,0.20780488,0.14982628,0.17760112,0.10610789,0.07426857,2.51032448,0.07133812,0.15905804
"CRIP2",0.03164557,0.01496726,2.58634146,0.02318164,0.01513767,0.76370932,0.02454185,0.24188791,0.08168003,0.71314008
"CRIP1",1.56600362,2,0.51414634,0.64751951,0.19337841,2.95720018,2.57957346,0.06033789,2.43742085,0.13251824
"CYFIP1",0.11392405,0.60617399,0.76,1.36811528,2.50194932,0.41194828,0.07030329,0.21453473,0.09297172,0.38882863
"SCG3",0.05334539,0.01496726,0.07609756,0.02648516,0.01489401,0.26794472,0.03140071,0.33011531,0.0748206,2.27557024
"ANXA2",0.7007233,2.5322732,2.9931707,3.6423933,1.9850146,5.5020062,1.492123,1.5784393,1.4402702,2.1683264
"TPM1",0.05786618,0.17680075,2.33756098,0.1978698,0.19267788,6.88497548,0.10845569,0.35451864,0.11956522,0.77877473
"UACA",0.03797468,0.06080449,2.44487805,0.13621348,0.14580288,2.600535,0.0144679,0.22123894,0.0127691,0.14076776
"LARP6",0.009041591,0.002806361,0.083902439,0.022925329,0.007005361,0.271511369,0.009859608,4.779833736,0.018151119,0.231249589
"RCN2",0.3761302,0.3180543,0.9004878,0.2520647,0.2733614,0.9086045,0.4506484,0.9297399,0.4338328,2.0146585
"TSPAN3",0.3336347,0.3975678,0.844878,0.3935467,0.403722,0.8898796,0.2578502,1.0101904,0.2285775,2.1968875
"CTSH",0.77396022,2.86810103,0.2897561,1.47545139,1.50018275,0.14355774,0.09538099,0.05577903,0.29579992,0.0516992
"AKAP13",0.8951175,1.7502339,1.244878,1.520647,1.5689876,0.8368257,1.9629193,0.175114,1.828092,0.4938375
"ISG20",2.39330922,0.92797007,0.26926829,0.24710942,0.1106847,0.2875613,2.473154,1.56208099,2.1939637,0.15143298
"CIB1",0.7197107,1.5565949,0.6439024,1.1837444,0.9641508,0.9170753,1.77698,0.6765889,1.9121992,0.6439394
"SLCO3A1",0.07142857,0.2282507,0.29756098,0.11827191,0.03834673,0.18457423,0.11574322,2.1179941,0.18826509,0.07464011
"MEF2A",0.5063291,2.1019645,1.3609756,1.7444894,2.3850816,0.4797147,0.2921445,0.7543577,0.2563318,0.362371
"PCSK6",0.0009041591,0.0037418148,0.0165853659,0.0061513926,0.0027716862,0.0240748997,0.0048226342,2.2426924108,0.0023216547,0.0191941103
"METRN",0.6229656,0.2273152,0.7141463,0.301703,0.2305373,1.9215337,0.7646554,2.3912577,0.6520684,9.2091961
"TMEM204",0.013562387,0.018709074,1.72,0.01005297,0.012944688,0.524297815,0.103204373,0.009385894,0.106901646,0.003270229
"SLC9A3R2",0.00994575,0.01964453,4.40487805,0.03206698,0.02537159,0.20151583,0.01114564,0.10539019,0.0166737,0.14490896
"IL32",0.73869801,0.46117867,1.40585366,0.15612007,0.09353679,0.28845296,7.32708177,0.0611424,11.97804981,0.11102347
"CIITA",0.26672694,1.25631431,0.02634146,0.41533292,0.41633163,0.0156041,0.05872897,0.03432556,0.03176446,0.02032801
"LITAF",0.5560579,3.2694107,0.4165854,2.4080424,1.4412768,0.5051271,1.2589219,1.4754626,0.813951,0.4290081
"GPRC5B",0.01808318,0.01028999,0.18146341,0.02366577,0.01075171,0.15916184,0.01018112,3.69991955,0.02384973,0.64850786
"IGSF6",0.094936709,1.579045837,0.067317073,1.35572706,2.089059454,0.041016496,0.042546351,0.048270314,0.035669059,0.026983501
"CORO1A",1.5669078,2.4920486,0.2478049,1.7219627,1.9417641,0.1662951,4.7476155,0.1268437,4.2124314,0.1126339
"VKORC1",0.198915,0.5163704,0.7092683,0.7973458,0.6776925,1.4658939,0.2758547,0.6025744,0.2953778,0.887514
"FUS",1.667269,1.903648,2.58439,1.807826,1.589851,1.790905,3.924981,2.006704,3.11355,2.59574
"PYCARD",0.37522604,2.27689429,0.20487805,1.8728997,2.05817495,0.14177441,0.62672811,0.07991419,0.54886028,0.06165779
"LPCAT2",0.04159132,1.01496726,0.21853659,0.87571909,1.66292032,0.04725814,0.02947165,0.1646554,0.02416631,0.03155196
"MT3",0.4312839,0.3807297,1.4195122,0.9361793,0.5060307,3.8065091,1.1372843,4.7677662,0.9632756,23.3693059
"MT2A",1.371609,3.83536,28.789268,12.856553,5.170657,62.250557,5.929375,13.539287,5.811946,31.244478
"MT1X",0.2983725,0.4303087,2.7580488,3.6838013,0.9364644,4.5434686,1.1178866,1.7943148,0.9298227,7.1064057
"HERPUD1",6.8571429,4.7923293,2.9346341,3.0173435,3.2348623,1.2233616,2.3543029,0.8750335,1.9967286,0.5287254
"CDH5",0.004520796,0.002806361,2.284878049,0.003303526,0.001705653,0.024966563,0.001500375,0.002949853,0.002954833,0.014954315
"CKLF",0.4358047,3.2254443,0.8009756,1.5972547,1.7056835,0.571556,1.7405423,0.5071065,2.1361334,0.6105469
"GCSH",0.079566,0.1562208,0.2419512,0.1808111,0.203125,0.5849309,0.107384,1.7873425,0.1251583,1.3535134
"COTL1",1.278481,7.0935454,1.8917073,4.4371191,3.6088572,0.9447169,3.3964205,0.4403325,2.4671802,1.0439427
"CYBA",6.5614828,9.6913003,3.204878,8.6898673,9.8008346,2.0392332,6.7980924,0.5607401,5.3693542,0.3803162
"APRT",0.9475588,1.7408793,1.0302439,1.242382,1.1758041,1.0905038,1.8922945,0.7103781,1.9924019,0.7968678
"CXCL16",0.12658228,1.51075772,0.09560976,1.68807313,2.01181774,0.11457869,0.07694781,0.10726736,0.06563951,0.15702031
"CD68",0.2893309,1.3910196,0.3190244,3.8339978,3.3821272,0.2924654,0.1989069,0.1965674,0.1782398,0.1518603
"ATP1B2",0.03435805,0.01028999,0.0995122,0.0479296,0.01952364,0.65448061,0.03193656,0.21265755,0.03809624,2.11887859
"SNHG29",0.8273056,1.7128157,1.5580488,1.9269522,2.0141021,2.8716005,0.6303719,0.8576026,0.8878219,1.9562217
"LGALS9",0.11934901,1.18615529,0.30536585,1.19997722,1.41282895,0.06910388,0.13899904,0.06784661,0.15227944,0.03866759
"EVI2B",0.98915009,1.78858746,0.07317073,1.43558125,1.48471004,0.04948729,0.95273818,0.06328774,0.79769945,0.04246368
"CCL5",1.29927667,0.52853134,0.3697561,0.40471037,0.7786306,0.22425323,20.33919194,0.11879861,2.92486281,0.06509236
"CCL3",1.4159132,5.4265669,1.3073171,16.5379051,41.1143092,1.7476594,3.209731,1.2148029,1.3336851,0.5751495
"CCL4",2.5985533,3.3872778,1.2585366,10.0295893,28.8703095,1.1012037,31.2091952,0.9200858,3.7017729,0.4095017
"CCL3L1",0.3327306,1.4976614,0.5678049,4.5887395,15.9836135,0.6237182,0.5752867,0.3432556,0.2450401,0.1668474
"CCL4L2",0.3417722,1.1973807,0.5131707,3.7402461,14.6210404,0.6290682,2.4267495,0.2987396,0.3325243,0.1537008
"IGFBP4",0.01898734,0.03554724,1.85658537,0.15187674,0.07858187,4.10209541,0.04029579,0.05282918,0.05972984,0.10081838
"CNP",0.1211573,0.1300281,0.2419512,0.1845418,0.1626767,0.2661614,0.1024542,10.4971842,0.1329675,0.766006
"CAVIN1",0.006329114,0.01777362,2.405853659,0.077433502,0.041057505,1.410610789,0.015539599,0.766425315,0.023216547,0.33867416
"RAMP2",0.009041591,0.002806361,3.405853659,0.009084696,0.008040936,0.223807401,0.005572822,0.045320461,0.010764035,0.263951883
"GRN",0.7052441,3.3386342,1.9902439,4.6965883,3.6841801,0.8640214,0.4833351,0.6524537,0.3801182,0.5690364
"GFAP",0.2133816,0.2376052,0.9492683,0.2193712,0.1989827,1.5586268,0.1859393,1.0466613,0.1994512,6.1209656
"COL1A1",0.0198915,0.02338634,0.28390244,0.02958934,0.02116837,28.86535889,0.01950488,0.13891124,0.02026171,0.13264971
"NME1",0.4222423,0.4808232,0.777561,0.6086746,0.4870858,1.3446277,0.4351088,0.8862966,0.4605319,2.494199
"NME2",1.1943942,2.6791394,2.7034146,3.0342883,3.1644128,5.2822113,0.9346265,1.3043711,0.849198,3.3610235
"MSI2",0.3996383,0.2170253,1.0439024,0.1682235,0.186434,0.5367811,0.4043511,0.7189595,0.4655973,1.4060179
"VMP1",0.5542495,1.4153414,2.1278049,1.7745344,1.5337476,2.9335711,1.2300932,1.2089032,1.5794639,1.8468415
"PECAM1",0.34990958,0.42188962,5.96487805,0.53739249,0.43402778,0.0468123,0.21230308,0.01743095,0.03957366,0.01104319
"SEC14L1",0.6166365,0.7165575,3.9639024,0.6953637,0.9064632,0.4413732,0.2562426,0.6819523,0.4234909,0.7701965
"SYNGR2",0.46564195,1.44153414,0.42439024,1.08822692,1.19142909,0.08470798,0.23609474,1.08849558,0.30434783,0.07674357
"RNF213",1.0388788,1.0037418,0.9717073,1.3548157,1.3373233,0.6063308,3.0635516,1.0488067,2.6483748,0.4204628
"AATK",0.012658228,0.024321796,0.094634146,0.098308367,0.093658626,0.045028979,0.009966777,2.02198981,0.008336851,0.084779465
"P4HB",0.965642,1.0355472,2.0146341,1.7620038,1.1527473,3.2576906,0.989283,0.9254492,0.9569439,1.5727996
"SLC16A3",0.1392405,1.0458372,0.3102439,1.7387652,1.5083455,0.3486402,0.1833673,0.0721373,0.2316378,0.1255998
"RAB40B",0.04249548,0.04583723,0.04585366,0.03952839,0.05168738,0.0637539,0.02550638,2.92598552,0.0205783,0.09375205
"YES1",0.04701627,0.01777362,1.69268293,0.02144444,0.01288377,0.22960321,0.09688136,0.37570394,0.05508653,0.40749688
"MYL12A",1.977396,4.2394761,5.0887805,2.6807541,2.2817678,3.8604547,5.9453435,0.87262,5.7524272,0.8662164
"MYL12B",1.246835,2.952292,6.279024,2.174688,2.051931,2.969683,4.374558,1.639582,3.718869,2.187948
"ANKRD12",1.4737794,1.2291862,1.4556098,1.0748419,0.8510904,0.6023183,2.1280677,2.2995441,2.7107429,0.9634359
"OSBPL1A",0.0198915,0.15622077,0.24390244,0.23452184,0.26574683,0.25055729,0.0166113,2.87744704,0.02511608,0.43421745
"CDH2",0.02079566,0.03367633,1.56390244,0.04029732,0.01495492,0.54837272,0.02464902,0.61222848,0.05065428,2.03163413
"RPL17",8.459313,10.78391,7.322927,11.216267,12.258224,14.482835,8.028829,4.313489,9.186577,9.233501
"TCF4",1.2486438,0.7661366,7.0341463,0.7751894,0.9206567,2.1368703,0.4445397,2.4794851,0.3430772,3.7814862
"SEC11C",2.2097649,0.3826006,0.4858537,0.4062482,0.3624513,0.4837272,0.6720609,2.2534191,0.7832419,1.4310458
"LMAN1",1.1311031,0.4415341,1.1473171,0.655522,0.6405641,1.4930896,0.5023041,0.7221775,0.6037358,1.0347236
"CDH19",0.015370705,0.003741815,0.008780488,0.006692487,0.001644737,0.021399911,0.006751688,2.107535532,0.019628535,0.105123907
"DSEL",0.02893309,0.01028999,0.16780488,0.03465854,0.02719907,0.33214445,0.03611617,1.1128989,0.06711693,1.92420956
"CNDP1",0.002712477,0.002806361,0.009756098,0.014096941,0.005604288,0.010699955,0.004501125,7.055510861,0.003271423,0.024354171
"MBP",0.4023508,1.0130964,0.2517073,0.7811699,1.0154423,0.322782,1.3396206,23.2982033,0.8642887,0.6259449
"GZMM",0.17631103,0.08512629,0.03317073,0.02936151,0.01742203,0.02139991,2.18293859,0.01367659,0.88307303,0.01145402
"HCN2",0.014466546,0,0.007804878,0.008657516,0.004020468,0.029870709,0.016825635,2.704746581,0.025010553,0.047442976
"TUBB4A",0.007233273,0.004677268,0.012682927,0.007831634,0.007888645,0.028533214,0.010395456,4.429605792,0.006437315,0.191891803
"C3",0.4620253,3.98971,0.5882927,4.7298513,9.0282042,0.5078021,0.3555889,0.380531,0.2613972,0.3013705
"INSR",0.07323689,0.20954163,5.1395122,0.13541607,0.10575049,0.17476594,0.01328904,0.80504157,0.0148797,0.19014987
"ELAVL3",0.028028933,0.006548176,0.017560976,0.012929316,0.006487573,0.069995542,0.014253563,2.797532851,0.031447868,0.643840794
"JUNB",6.220615,7.923293,5.097561,6.852139,8.444719,4.404815,11.729182,3.457495,15.017623,3.48005
"PRDX2",0.7377939,0.5528531,1.3414634,0.5681495,0.6416606,1.8461881,1.2510985,1.7028694,1.5809413,4.7249392
"NFIX",0.05424955,0.02806361,0.11512195,0.05692886,0.03326023,0.43513152,0.03450863,1.95038884,0.04907134,1.42069283
"DNAJB1",4.485533,3.944808,2.014634,5.037791,5.042489,1.597414,5.598542,2.396889,6.311207,1.943124
"TPM4",0.783906,1.606174,4.555122,1.8722447,1.2015716,5.4404815,0.9202658,1.2475194,1.2388138,1.2903602
"IFI30",0.4719711,2.8241347,0.3034146,4.772427,3.8061038,0.2719572,0.1701854,0.1743095,0.1689531,0.1185171
"JUND",7.089512,4.724041,5.566829,3.955801,4.10968,2.600535,9.204801,4.49048,9.678029,4.539095
"FXYD5",0.77757685,1.7857811,1.51414634,1.74363502,1.41182383,0.46589389,1.3675919,0.09519979,2.54590545,0.24643397
"MAG",0.0036166365,0.0009354537,0.0097560976,0.013356496,0.0045382554,0.0160499331,0.0054656521,8.0943952802,0.0033769523,0.0229902057
"APLP1",0.012658228,0.003741815,0.037073171,0.025630803,0.02375731,0.213553277,0.012431679,8.016626441,0.020894892,0.45273779
"HCST",0.8155515,1.7118803,0.3326829,2.1229424,2.723806,0.2456531,6.3384418,0.135425,3.8353736,0.1052061
"TYROBP",1.2649186,11.0009355,0.8809756,16.8445634,17.3806347,0.8885421,1.8301361,0.8042371,0.870515,0.4992769
"SPINT2",0.19529837,1.36014967,0.09658537,0.52964629,0.58881579,0.06107891,0.0381524,0.05953339,0.11492191,0.02159337
"PPP1R14A",0.11030741,0.58652947,0.41073171,0.04773025,0.02293494,2.1769951,0.01650413,15.53472781,0.01498523,0.13315914
"ACTN4",0.3273056,0.4415341,3.2741463,0.5047559,0.3012305,0.8724922,0.9858536,2.1442746,0.8405445,0.9289259
"SIRT2",0.1338156,0.1543499,0.1717073,0.2434926,0.2426596,0.2255907,0.2834637,3.7079646,0.1920642,0.724857
"GMFG",0.90144665,1.92703461,1.20195122,1.80870878,1.84161793,0.49754793,2.60122173,0.0976133,2.58178556,0.06770525
"ZFP36",1.6582278,4.0430309,2.9356098,4.2462266,5.6175682,2.2202407,3.2375951,1.1574149,3.1086957,1.2930717
"FCGBP",0.17540687,1.22076707,0.27902439,3.84476277,6.00328947,0.22469906,0.14821563,0.21265755,0.09476572,0.11189443
"PCAT19",0.0045207957,0.0009354537,1.6780487805,0.0019935069,0.0028021442,0.018724922,0.0007501875,0.001340842,0.0036935416,0.0024156971
"CD79A",2.701627486,0.153414406,0.005853659,0.004385715,0.005056043,0.003566652,0.013396206,0.00160901,0.02184466,0.003155196
"RABAC1",1.4059675,0.878391,1.7941463,0.8646978,0.8401864,2.6045475,1.6327296,2.7538214,1.3670325,2.2910011
"ZNF428",0.2820976,0.3489242,0.88,0.3527653,0.3318104,1.1734284,0.692959,1.5494771,0.5072816,2.8104746
"PLAUR",0.11030741,1.06922357,0.31414634,2.29788688,2.04562622,0.5283103,0.08584289,0.16009654,0.09814268,0.1120752
"APOC1",2.601266,5.736202,1.373659,33.563109,35.267392,1.77753,2.03483,2.189863,1.339067,1.039851
"APOC2",0.2061483,1.1758653,0.3043902,3.9062482,9.6447673,0.3843067,0.1835816,0.1761866,0.1206205,0.1201111
"FOSB",3.105787,3.837231,2.534634,5.51871,6.206232,2.430673,4.138356,2.583266,3.455678,1.69181
"NOP53",1.6916817,1.6791394,0.9687805,1.2131344,1.307444,1.0187249,2.2996463,0.9997318,2.8341072,0.8397916
"EMP3",1.0768535,1.3601497,0.497561,2.3298115,1.1806774,1.5693268,2.133319,0.4202199,2.1626214,1.5817393
"CD37",3.41862568,1.98503274,0.13170732,1.55422339,2.12128411,0.08203299,1.94427178,0.07562349,2.04685521,0.05286597
"FCGRT",0.380651,2.5163704,2.3043902,3.7299368,4.4140168,0.8345965,0.4325367,0.2968624,0.3036091,0.4303885
"KLK6",0.0009041591,0,0.0019512195,0.0070057527,0.0019188596,0.0049041462,0.0024649019,3.5223920622,0.0008442381,0.0171070795
"NKG7",0.49005425,0.31805426,0.08780488,0.15728769,0.08762792,0.03432902,8.652556,0.04344328,0.6574504,0.01906264
"FPR1",0.07866184,1.09915809,0.07414634,1.33576351,1.6492751,0.039679,0.04211767,0.04049343,0.02648797,0.01856964
"LAIR1",0.11663653,0.59027128,0.06926829,1.26465228,1.28746345,0.04190816,0.13299754,0.04800215,0.13592233,0.02479787
"TTYH1",0.03887884,0.01870907,0.08097561,0.05339751,0.0280519,0.73205528,0.03440146,1.53472781,0.054981,2.61822126
"LILRB4",0.1437613,0.68007484,0.05658537,1.06797858,1.80397173,0.04725814,0.04018862,0.05443819,0.03303081,0.02254651
"FKBP1A",0.5207957,1.5893358,6.6497561,1.8104175,1.2781128,1.9647793,1.1877612,0.8449987,1.2205572,1.8084204
"DSTN",0.517179,0.7801684,4.2273171,0.7849291,0.688231,5.7035221,0.9795306,3.0906409,1.0010553,3.1932886
"RRBP1",1.4638336,0.6585594,1.4595122,0.8066868,0.8485928,2.3321444,0.334798,1.9160633,0.320916,1.1467002
"CD93",0.0840868,0.73807297,4.30536585,1.61303184,0.69995736,0.06197058,0.05337049,0.03083937,0.04685521,0.01965424
"CST7",0.28842676,1.32273152,0.04682927,0.10209603,0.05528143,0.02006242,3.98006645,0.02091714,0.85753482,0.01073095
"MYL9",0.02350814,0.04022451,0.56878049,0.02714017,0.0299403,4.68747214,0.01146715,0.05309735,0.01245251,0.11046473
"SAMHD1",0.2414105,2.5369504,0.3160976,1.7565074,1.5114827,0.3138654,0.7139642,0.3488871,0.9277121,0.2146026
"TGM2",0.021699819,0.086997194,2.129756098,0.127840747,0.027016326,0.252786447,0.007073197,0.005363368,0.007281553,0.014494183
"MAFB",0.2649186,1.4995323,0.3687805,4.3675742,4.2486598,0.3611235,0.2266638,0.2566372,0.1749683,0.1962302
"STK4",1.0542495,1.5182413,0.3560976,0.8324315,0.8916301,0.2545698,2.4722966,0.4328238,2.3415998,0.4266088
"CEBPB",0.522604,2.0505145,0.942439,4.4547474,3.9808114,1.5657601,1.2146608,0.5124698,1.3164837,0.6075067
"BCAS1",0.00994575,0.013096352,0.017560976,0.027567352,0.039656433,0.048149799,0.025184868,3.783856262,0.036196707,0.175639256
"CTSZ",1.0108499,3.282507,1.0878049,4.2691519,3.7261209,0.7128845,0.5491373,0.434701,0.5609962,0.3738086
"PPDPF",1.3092224,1.5182413,1.5258537,1.6639517,0.9815424,3.5251895,3.4825849,3.0847412,2.8788518,4.0256853
"SAMSN1",0.50180832,1.1131899,0.12390244,2.02864954,2.1285636,0.079358,1.05422784,0.07669617,1.68488814,0.04529021
"APP",0.216094,0.2778297,6.2068293,0.4491371,0.278722,1.8448506,0.1431787,5.4660767,0.2012453,2.359298
"CYYR1",0.0090415913,0.1225444341,1.7775609756,0.0043572364,0.0016142788,0.0142666072,0.0019290537,0.0008045052,0.0021105952,0.0036810622
"CBR1",0.1075949,0.2478952,0.1278049,0.297004,0.2861842,0.6107891,0.1731862,4.2614642,0.2198185,1.3264806
"TTC3",0.8544304,0.756782,1.515122,0.8348522,0.7946211,1.8114133,0.920373,1.6269777,0.9044956,2.8542529
"ITGB2",0.4484629,3.352666,0.3492683,3.5291337,3.7777169,0.2608114,1.7134284,0.1866452,1.1941748,0.1261421
"COL6A1",0.02350814,0.02057998,0.31804878,0.0449963,0.02132066,6.73874276,0.02475619,0.18557254,0.03777965,0.90595215
"COL6A2",0.01627486,0.01496726,1.02536585,0.03186763,0.01081262,5.95452519,0.05283464,0.09224993,0.04653862,0.32649707
"S100B",0.3661844,5.0486436,0.6263415,0.5405821,0.5187317,1.6152474,0.7390419,15.1941539,0.5632123,9.2452508
"CLDN5",0.016274864,0.005612722,21.502439024,0.012701487,0.015289961,0.081141329,0.006966027,0.015017431,0.014035458,0.03630119
"MIF",2.844485,4.541628,4.192195,8.401692,5.009503,10.286224,3.585575,7.726468,4.252322,8.923832
"XBP1",6.7712477,0.6407858,0.3882927,0.8314063,0.7985807,0.5372269,0.6837424,0.383749,0.8025538,0.3875633
"SELENOM",0.42947559,0.14405987,0.94439024,0.16657174,0.19152047,3.10699955,0.26749545,0.82354519,0.36281131,0.26050089
"PIK3IP1",0.41320072,0.44901777,0.3297561,0.54021188,0.70930799,0.0708872,1.26160111,0.21426656,1.64109329,0.06509236
"TIMP3",0.02802893,0.01309635,4.9902439,0.03155437,0.02442739,3.20017833,0.0215411,0.08527755,0.02216125,0.73987708
"HMOX1",0.4059675,1.5088868,0.417561,5.0401834,3.208912,0.5711101,0.2219483,0.3207294,0.1988181,0.3551896
"MYH9",0.4855335,1.0252572,3.1326829,0.8788517,0.7539596,1.4614356,1.5553531,0.4057388,1.4316167,0.2239368
"RAC2",1.04159132,0.69597755,0.07902439,0.60696588,0.35611598,0.039679,2.29878898,0.02869402,2.34054453,0.0280681
"SUN2",0.1943942,0.2666043,0.3317073,0.2825369,0.2039474,0.1703076,0.6208338,2.6604988,0.4548333,0.1260764
"PDGFB",0.0244123,0.33115061,2.59121951,0.41570314,1.03097588,0.03477486,0.02207695,0.01796728,0.02279443,0.01156905
"CYB5R3",0.1392405,0.6005613,1.3814634,0.385117,0.3207541,1.2139991,0.1974065,0.9324216,0.2132756,0.556432
"TYMP",0.9837251,5.1927035,0.5756098,4.5224412,3.3153631,0.6834597,0.7709785,0.251542,1.239236,0.1784658
"CSF2RA",0.06871609,1.48456501,0.03512195,0.76530728,1.27707724,0.03165403,0.02957882,0.03352105,0.02701562,0.01549661
"CD99",1.0063291,0.8914874,3.0995122,1.7033947,1.8552632,2.8345965,3.1635409,0.7640118,2.2313212,3.0453395
"GPM6B",0.454792,0.2011225,0.9034146,0.3574358,0.2098258,2.7463219,0.7570464,21.3059802,0.6191431,9.128755
"PRDX4",1.4764919,0.2843779,0.6321951,0.4968673,0.4607395,1.5492644,0.1798307,0.7101099,0.2689954,1.5858476
"SAT1",4.654611,19.50421,8.709268,27.889731,28.719999,9.619706,4.903654,2.258246,5.323765,3.764511
"CYBB",0.48282098,1.21983162,0.14146341,2.62251524,2.90213816,0.06197058,0.07137499,0.0815232,0.0609962,0.03434563
"GPR34",0.14647378,1.47895229,0.10634146,1.98419434,3.86534479,0.07712885,0.07919837,0.08500939,0.06226256,0.03883192
"TIMP1",0.7305606,2.5144995,4.7482927,5.6963889,1.5946637,73.4092733,1.2474547,2.2472513,1.565534,8.0952804
"PCSK1N",0.15461121,0.06548176,0.30926829,0.11738908,0.05135234,0.97860009,0.14907298,1.36229552,0.27100042,5.14356143
"MAGED1",0.10669078,0.05238541,0.38341463,0.06891838,0.06262183,0.6954971,0.07973422,0.32796997,0.08347404,1.39793269
"VSIG4",0.15370705,1.21328344,0.15219512,2.53545594,3.8880056,0.14534106,0.08670025,0.1078037,0.07513719,0.0587984
"IL2RG",0.72332731,0.66791394,0.06634146,0.21891553,0.11181165,0.02139991,1.52234487,0.02011263,1.73427607,0.01352462
"ITM2A",0.22513562,0.0645463,13.05170732,0.03485789,0.02424464,0.10744539,1.31582896,0.20219898,1.06458421,0.09133636
"BEX1",0.06690778,0.0243218,0.06731707,0.05544797,0.02689449,0.29647793,0.0466188,1.80182355,0.11228366,2.45702688
"TCEAL9",0.09764919,0.10289991,0.91707317,0.35094264,0.19736842,2.1034329,0.07501875,1.0866184,0.09940903,1.70942615
"BEX3",0.2495479,0.1983162,1.8673171,0.3987299,0.2352887,3.3811859,0.5314543,2.8844194,0.5712326,5.4314895
"TCEAL4",0.244123,0.5696913,1.3990244,0.7053597,0.7506092,1.8582256,0.3009324,2.2051488,0.3385395,2.1216723
"MORF4L2",0.358047,0.3517306,0.982439,0.5359116,0.4176718,1.8020508,0.3280463,1.2965943,0.4073449,1.7659239
"PLP1",0.03435805,0.04022451,0.23707317,0.11744603,0.08056165,0.25813642,0.05122709,102.54679539,0.04495568,1.18998554
"TSC22D3",4.6211573,3.8241347,2.3434146,2.9017486,2.900402,1.5309853,6.8688243,0.8109413,9.0244829,0.5293006
"IL13RA1",0.17269439,1.75023386,0.8595122,1.2933303,1.50368543,0.23673651,0.04694031,0.12067578,0.04801604,0.19305857
"PGRMC1",0.1094033,0.191768,0.6536585,0.2409865,0.242355,0.8796255,0.1735077,2.0898364,0.1875264,1.8596431
"LAMP2",0.3309222,0.637044,0.9092683,1.1377228,1.1127558,0.8261257,0.3687708,6.4695629,0.3666104,1.105962
"BGN",0.009041591,0.008419083,1.726829268,0.019821154,0.015076754,6.158716005,0.006966027,0.05390185,0.014140988,0.207881417
"FLNA",0.3453888,0.8765201,1.8819512,1.082104,0.2569444,2.2385198,1.1505734,0.1920086,1.0066484,1.1053868
"RPS4Y1",1.437613,1.3246024,1.8595122,0.9658256,1.3373538,1.4636647,2.7945558,1.078037,3.2012453,1.7529909
"SEPT7",0.8164557,0.9251637,0.8087805,0.698895,0.4801413,1.3522069,2.2859286,6.103513,1.8272478,4.1615559
